"ID","field","original","derived","reason"
243,"tol1","3",,"Restore raw nonresponse; stored orientation retained"
30,"word2","0",,"Zero encodes missing descriptive word"
31,"word2","0",,"Zero encodes missing descriptive word"
33,"word2","0",,"Zero encodes missing descriptive word"
50,"word2","0",,"Zero encodes missing descriptive word"
71,"word2","0",,"Zero encodes missing descriptive word"
75,"word2","0",,"Zero encodes missing descriptive word"
76,"word2","0",,"Zero encodes missing descriptive word"
77,"word2","0",,"Zero encodes missing descriptive word"
80,"word2","0",,"Zero encodes missing descriptive word"
114,"word2","0",,"Zero encodes missing descriptive word"
121,"word2","0",,"Zero encodes missing descriptive word"
143,"word2","0",,"Zero encodes missing descriptive word"
148,"word2","0",,"Zero encodes missing descriptive word"
155,"word2","0",,"Zero encodes missing descriptive word"
156,"word2","0",,"Zero encodes missing descriptive word"
157,"word2","0",,"Zero encodes missing descriptive word"
179,"word2","0",,"Zero encodes missing descriptive word"
184,"word2","0",,"Zero encodes missing descriptive word"
230,"word2","0",,"Zero encodes missing descriptive word"
232,"word2","0",,"Zero encodes missing descriptive word"
268,"word2","0",,"Zero encodes missing descriptive word"
270,"word2","0",,"Zero encodes missing descriptive word"
271,"word2","0",,"Zero encodes missing descriptive word"
273,"word2","0",,"Zero encodes missing descriptive word"
275,"word2","0",,"Zero encodes missing descriptive word"
402,"word2","0",,"Zero encodes missing descriptive word"
469,"word2","0",,"Zero encodes missing descriptive word"
476,"word2","0",,"Zero encodes missing descriptive word"
513,"word2","0",,"Zero encodes missing descriptive word"
518,"word2","0",,"Zero encodes missing descriptive word"
519,"word2","0",,"Zero encodes missing descriptive word"
521,"word2","0",,"Zero encodes missing descriptive word"
522,"word2","0",,"Zero encodes missing descriptive word"
524,"word2","0",,"Zero encodes missing descriptive word"
527,"word2","0",,"Zero encodes missing descriptive word"
528,"word2","0",,"Zero encodes missing descriptive word"
529,"word2","0",,"Zero encodes missing descriptive word"
566,"word2","0",,"Zero encodes missing descriptive word"
567,"word2","0",,"Zero encodes missing descriptive word"
583,"word2","0",,"Zero encodes missing descriptive word"
585,"word2","0",,"Zero encodes missing descriptive word"
586,"word2","0",,"Zero encodes missing descriptive word"
587,"word2","0",,"Zero encodes missing descriptive word"
636,"word2","0",,"Zero encodes missing descriptive word"
637,"word2","0",,"Zero encodes missing descriptive word"
3,"word3","0",,"Zero encodes missing descriptive word"
5,"word3","0",,"Zero encodes missing descriptive word"
6,"word3","0",,"Zero encodes missing descriptive word"
11,"word3","0",,"Zero encodes missing descriptive word"
12,"word3","0",,"Zero encodes missing descriptive word"
15,"word3","0",,"Zero encodes missing descriptive word"
19,"word3","0",,"Zero encodes missing descriptive word"
30,"word3","0",,"Zero encodes missing descriptive word"
31,"word3","0",,"Zero encodes missing descriptive word"
32,"word3","0",,"Zero encodes missing descriptive word"
33,"word3","0",,"Zero encodes missing descriptive word"
34,"word3","0",,"Zero encodes missing descriptive word"
40,"word3","0",,"Zero encodes missing descriptive word"
42,"word3","0",,"Zero encodes missing descriptive word"
43,"word3","0",,"Zero encodes missing descriptive word"
44,"word3","0",,"Zero encodes missing descriptive word"
47,"word3","0",,"Zero encodes missing descriptive word"
48,"word3","0",,"Zero encodes missing descriptive word"
50,"word3","0",,"Zero encodes missing descriptive word"
59,"word3","0",,"Zero encodes missing descriptive word"
60,"word3","0",,"Zero encodes missing descriptive word"
63,"word3","0",,"Zero encodes missing descriptive word"
67,"word3","0",,"Zero encodes missing descriptive word"
68,"word3","0",,"Zero encodes missing descriptive word"
69,"word3","0",,"Zero encodes missing descriptive word"
71,"word3","0",,"Zero encodes missing descriptive word"
75,"word3","0",,"Zero encodes missing descriptive word"
76,"word3","0",,"Zero encodes missing descriptive word"
77,"word3","0",,"Zero encodes missing descriptive word"
80,"word3","0",,"Zero encodes missing descriptive word"
81,"word3","0",,"Zero encodes missing descriptive word"
84,"word3","0",,"Zero encodes missing descriptive word"
85,"word3","0",,"Zero encodes missing descriptive word"
86,"word3","0",,"Zero encodes missing descriptive word"
87,"word3","0",,"Zero encodes missing descriptive word"
89,"word3","0",,"Zero encodes missing descriptive word"
90,"word3","0",,"Zero encodes missing descriptive word"
91,"word3","0",,"Zero encodes missing descriptive word"
92,"word3","0",,"Zero encodes missing descriptive word"
95,"word3","0",,"Zero encodes missing descriptive word"
96,"word3","0",,"Zero encodes missing descriptive word"
97,"word3","0",,"Zero encodes missing descriptive word"
99,"word3","0",,"Zero encodes missing descriptive word"
100,"word3","0",,"Zero encodes missing descriptive word"
114,"word3","0",,"Zero encodes missing descriptive word"
116,"word3","0",,"Zero encodes missing descriptive word"
120,"word3","0",,"Zero encodes missing descriptive word"
121,"word3","0",,"Zero encodes missing descriptive word"
123,"word3","0",,"Zero encodes missing descriptive word"
124,"word3","0",,"Zero encodes missing descriptive word"
125,"word3","0",,"Zero encodes missing descriptive word"
128,"word3","0",,"Zero encodes missing descriptive word"
133,"word3","0",,"Zero encodes missing descriptive word"
135,"word3","0",,"Zero encodes missing descriptive word"
139,"word3","0",,"Zero encodes missing descriptive word"
140,"word3","0",,"Zero encodes missing descriptive word"
142,"word3","0",,"Zero encodes missing descriptive word"
143,"word3","0",,"Zero encodes missing descriptive word"
144,"word3","0",,"Zero encodes missing descriptive word"
145,"word3","0",,"Zero encodes missing descriptive word"
146,"word3","0",,"Zero encodes missing descriptive word"
148,"word3","0",,"Zero encodes missing descriptive word"
150,"word3","0",,"Zero encodes missing descriptive word"
152,"word3","0",,"Zero encodes missing descriptive word"
153,"word3","0",,"Zero encodes missing descriptive word"
154,"word3","0",,"Zero encodes missing descriptive word"
155,"word3","0",,"Zero encodes missing descriptive word"
156,"word3","0",,"Zero encodes missing descriptive word"
157,"word3","0",,"Zero encodes missing descriptive word"
158,"word3","0",,"Zero encodes missing descriptive word"
159,"word3","0",,"Zero encodes missing descriptive word"
161,"word3","0",,"Zero encodes missing descriptive word"
163,"word3","0",,"Zero encodes missing descriptive word"
164,"word3","0",,"Zero encodes missing descriptive word"
171,"word3","0",,"Zero encodes missing descriptive word"
172,"word3","0",,"Zero encodes missing descriptive word"
173,"word3","0",,"Zero encodes missing descriptive word"
174,"word3","0",,"Zero encodes missing descriptive word"
175,"word3","0",,"Zero encodes missing descriptive word"
177,"word3","0",,"Zero encodes missing descriptive word"
179,"word3","0",,"Zero encodes missing descriptive word"
180,"word3","0",,"Zero encodes missing descriptive word"
181,"word3","0",,"Zero encodes missing descriptive word"
182,"word3","0",,"Zero encodes missing descriptive word"
184,"word3","0",,"Zero encodes missing descriptive word"
186,"word3","0",,"Zero encodes missing descriptive word"
187,"word3","0",,"Zero encodes missing descriptive word"
191,"word3","0",,"Zero encodes missing descriptive word"
194,"word3","0",,"Zero encodes missing descriptive word"
230,"word3","0",,"Zero encodes missing descriptive word"
232,"word3","0",,"Zero encodes missing descriptive word"
265,"word3","0",,"Zero encodes missing descriptive word"
268,"word3","0",,"Zero encodes missing descriptive word"
270,"word3","0",,"Zero encodes missing descriptive word"
271,"word3","0",,"Zero encodes missing descriptive word"
272,"word3","0",,"Zero encodes missing descriptive word"
273,"word3","0",,"Zero encodes missing descriptive word"
274,"word3","0",,"Zero encodes missing descriptive word"
275,"word3","0",,"Zero encodes missing descriptive word"
338,"word3","0",,"Zero encodes missing descriptive word"
402,"word3","0",,"Zero encodes missing descriptive word"
406,"word3","0",,"Zero encodes missing descriptive word"
465,"word3","0",,"Zero encodes missing descriptive word"
467,"word3","0",,"Zero encodes missing descriptive word"
469,"word3","0",,"Zero encodes missing descriptive word"
470,"word3","0",,"Zero encodes missing descriptive word"
471,"word3","0",,"Zero encodes missing descriptive word"
475,"word3","0",,"Zero encodes missing descriptive word"
476,"word3","0",,"Zero encodes missing descriptive word"
507,"word3","0",,"Zero encodes missing descriptive word"
509,"word3","0",,"Zero encodes missing descriptive word"
513,"word3","0",,"Zero encodes missing descriptive word"
517,"word3","0",,"Zero encodes missing descriptive word"
518,"word3","0",,"Zero encodes missing descriptive word"
519,"word3","0",,"Zero encodes missing descriptive word"
521,"word3","0",,"Zero encodes missing descriptive word"
522,"word3","0",,"Zero encodes missing descriptive word"
524,"word3","0",,"Zero encodes missing descriptive word"
525,"word3","0",,"Zero encodes missing descriptive word"
527,"word3","0",,"Zero encodes missing descriptive word"
528,"word3","0",,"Zero encodes missing descriptive word"
529,"word3","0",,"Zero encodes missing descriptive word"
530,"word3","0",,"Zero encodes missing descriptive word"
533,"word3","0",,"Zero encodes missing descriptive word"
535,"word3","0",,"Zero encodes missing descriptive word"
538,"word3","0",,"Zero encodes missing descriptive word"
561,"word3","0",,"Zero encodes missing descriptive word"
562,"word3","0",,"Zero encodes missing descriptive word"
563,"word3","0",,"Zero encodes missing descriptive word"
564,"word3","0",,"Zero encodes missing descriptive word"
565,"word3","0",,"Zero encodes missing descriptive word"
566,"word3","0",,"Zero encodes missing descriptive word"
567,"word3","0",,"Zero encodes missing descriptive word"
568,"word3","0",,"Zero encodes missing descriptive word"
569,"word3","0",,"Zero encodes missing descriptive word"
578,"word3","0",,"Zero encodes missing descriptive word"
579,"word3","0",,"Zero encodes missing descriptive word"
580,"word3","0",,"Zero encodes missing descriptive word"
581,"word3","0",,"Zero encodes missing descriptive word"
582,"word3","0",,"Zero encodes missing descriptive word"
583,"word3","0",,"Zero encodes missing descriptive word"
584,"word3","0",,"Zero encodes missing descriptive word"
585,"word3","0",,"Zero encodes missing descriptive word"
586,"word3","0",,"Zero encodes missing descriptive word"
587,"word3","0",,"Zero encodes missing descriptive word"
588,"word3","0",,"Zero encodes missing descriptive word"
589,"word3","0",,"Zero encodes missing descriptive word"
605,"word3","0",,"Zero encodes missing descriptive word"
632,"word3","0",,"Zero encodes missing descriptive word"
634,"word3","0",,"Zero encodes missing descriptive word"
635,"word3","0",,"Zero encodes missing descriptive word"
636,"word3","0",,"Zero encodes missing descriptive word"
637,"word3","0",,"Zero encodes missing descriptive word"
638,"word3","0",,"Zero encodes missing descriptive word"
639,"word3","0",,"Zero encodes missing descriptive word"
1,"report_count","4","0","Reconstructed increasing count from raw choices; replaces reverse-direction PS1"
3,"report_count","3","1","Reconstructed increasing count from raw choices; replaces reverse-direction PS1"
4,"report_count","1","3","Reconstructed increasing count from raw choices; replaces reverse-direction PS1"
5,"report_count","1","3","Reconstructed increasing count from raw choices; replaces reverse-direction PS1"
6,"report_count","3","1","Reconstructed increasing count from raw choices; replaces reverse-direction PS1"
8,"report_count","3","1","Reconstructed increasing count from raw choices; replaces reverse-direction PS1"
9,"report_count","3","1","Reconstructed increasing count from raw choices; replaces reverse-direction PS1"
12,"report_count","3","1","Reconstructed increasing count from raw choices; replaces reverse-direction PS1"
13,"report_count","3","1","Reconstructed increasing count from raw choices; replaces reverse-direction PS1"
14,"report_count","1","3","Reconstructed increasing count from raw choices; replaces reverse-direction PS1"
19,"report_count","4","0","Reconstructed increasing count from raw choices; replaces reverse-direction PS1"
20,"report_count","3","1","Reconstructed increasing count from raw choices; replaces reverse-direction PS1"
24,"report_count","3","1","Reconstructed increasing count from raw choices; replaces reverse-direction PS1"
25,"report_count","3","1","Reconstructed increasing count from raw choices; replaces reverse-direction PS1"
27,"report_count","3","1","Reconstructed increasing count from raw choices; replaces reverse-direction PS1"
29,"report_count","3","1","Reconstructed increasing count from raw choices; replaces reverse-direction PS1"
31,"report_count","3","1","Reconstructed increasing count from raw choices; replaces reverse-direction PS1"
32,"report_count","3","1","Reconstructed increasing count from raw choices; replaces reverse-direction PS1"
33,"report_count","3","1","Reconstructed increasing count from raw choices; replaces reverse-direction PS1"
34,"report_count","3","1","Reconstructed increasing count from raw choices; replaces reverse-direction PS1"
35,"report_count","4","0","Reconstructed increasing count from raw choices; replaces reverse-direction PS1"
36,"report_count","3","1","Reconstructed increasing count from raw choices; replaces reverse-direction PS1"
40,"report_count","3","1","Reconstructed increasing count from raw choices; replaces reverse-direction PS1"
41,"report_count","4","0","Reconstructed increasing count from raw choices; replaces reverse-direction PS1"
43,"report_count","3","1","Reconstructed increasing count from raw choices; replaces reverse-direction PS1"
44,"report_count","1","3","Reconstructed increasing count from raw choices; replaces reverse-direction PS1"
45,"report_count","4","0","Reconstructed increasing count from raw choices; replaces reverse-direction PS1"
46,"report_count","3","1","Reconstructed increasing count from raw choices; replaces reverse-direction PS1"
47,"report_count","3","1","Reconstructed increasing count from raw choices; replaces reverse-direction PS1"
48,"report_count","3","1","Reconstructed increasing count from raw choices; replaces reverse-direction PS1"
49,"report_count","3","1","Reconstructed increasing count from raw choices; replaces reverse-direction PS1"
50,"report_count","3","1","Reconstructed increasing count from raw choices; replaces reverse-direction PS1"
53,"report_count","3","1","Reconstructed increasing count from raw choices; replaces reverse-direction PS1"
54,"report_count","3","1","Reconstructed increasing count from raw choices; replaces reverse-direction PS1"
55,"report_count","3","1","Reconstructed increasing count from raw choices; replaces reverse-direction PS1"
56,"report_count","3","1","Reconstructed increasing count from raw choices; replaces reverse-direction PS1"
59,"report_count","3","1","Reconstructed increasing count from raw choices; replaces reverse-direction PS1"
60,"report_count","3","1","Reconstructed increasing count from raw choices; replaces reverse-direction PS1"
61,"report_count","1","3","Reconstructed increasing count from raw choices; replaces reverse-direction PS1"
62,"report_count","1","3","Reconstructed increasing count from raw choices; replaces reverse-direction PS1"
63,"report_count","3","1","Reconstructed increasing count from raw choices; replaces reverse-direction PS1"
65,"report_count","3","1","Reconstructed increasing count from raw choices; replaces reverse-direction PS1"
68,"report_count","3","1","Reconstructed increasing count from raw choices; replaces reverse-direction PS1"
69,"report_count","3","1","Reconstructed increasing count from raw choices; replaces reverse-direction PS1"
73,"report_count","3","1","Reconstructed increasing count from raw choices; replaces reverse-direction PS1"
74,"report_count","3","1","Reconstructed increasing count from raw choices; replaces reverse-direction PS1"
75,"report_count","3","1","Reconstructed increasing count from raw choices; replaces reverse-direction PS1"
76,"report_count","3","1","Reconstructed increasing count from raw choices; replaces reverse-direction PS1"
77,"report_count","3","1","Reconstructed increasing count from raw choices; replaces reverse-direction PS1"
80,"report_count","4","0","Reconstructed increasing count from raw choices; replaces reverse-direction PS1"
81,"report_count","3","1","Reconstructed increasing count from raw choices; replaces reverse-direction PS1"
83,"report_count","1","3","Reconstructed increasing count from raw choices; replaces reverse-direction PS1"
86,"report_count","3","1","Reconstructed increasing count from raw choices; replaces reverse-direction PS1"
87,"report_count","3","1","Reconstructed increasing count from raw choices; replaces reverse-direction PS1"
89,"report_count","1","3","Reconstructed increasing count from raw choices; replaces reverse-direction PS1"
90,"report_count","4","0","Reconstructed increasing count from raw choices; replaces reverse-direction PS1"
92,"report_count","4","0","Reconstructed increasing count from raw choices; replaces reverse-direction PS1"
95,"report_count","3","1","Reconstructed increasing count from raw choices; replaces reverse-direction PS1"
96,"report_count","4","0","Reconstructed increasing count from raw choices; replaces reverse-direction PS1"
97,"report_count","3","1","Reconstructed increasing count from raw choices; replaces reverse-direction PS1"
100,"report_count","1","3","Reconstructed increasing count from raw choices; replaces reverse-direction PS1"
106,"report_count","3","1","Reconstructed increasing count from raw choices; replaces reverse-direction PS1"
108,"report_count","3","1","Reconstructed increasing count from raw choices; replaces reverse-direction PS1"
110,"report_count","3","1","Reconstructed increasing count from raw choices; replaces reverse-direction PS1"
114,"report_count","3","1","Reconstructed increasing count from raw choices; replaces reverse-direction PS1"
115,"report_count","3","1","Reconstructed increasing count from raw choices; replaces reverse-direction PS1"
118,"report_count","3","1","Reconstructed increasing count from raw choices; replaces reverse-direction PS1"
120,"report_count","3","1","Reconstructed increasing count from raw choices; replaces reverse-direction PS1"
121,"report_count","3","1","Reconstructed increasing count from raw choices; replaces reverse-direction PS1"
123,"report_count","1","3","Reconstructed increasing count from raw choices; replaces reverse-direction PS1"
124,"report_count","1","3","Reconstructed increasing count from raw choices; replaces reverse-direction PS1"
125,"report_count","1","3","Reconstructed increasing count from raw choices; replaces reverse-direction PS1"
126,"report_count","3","1","Reconstructed increasing count from raw choices; replaces reverse-direction PS1"
127,"report_count","3","1","Reconstructed increasing count from raw choices; replaces reverse-direction PS1"
129,"report_count","3","1","Reconstructed increasing count from raw choices; replaces reverse-direction PS1"
130,"report_count","3","1","Reconstructed increasing count from raw choices; replaces reverse-direction PS1"
131,"report_count","1","3","Reconstructed increasing count from raw choices; replaces reverse-direction PS1"
132,"report_count","1","3","Reconstructed increasing count from raw choices; replaces reverse-direction PS1"
139,"report_count","3","1","Reconstructed increasing count from raw choices; replaces reverse-direction PS1"
141,"report_count","3","1","Reconstructed increasing count from raw choices; replaces reverse-direction PS1"
144,"report_count","3","1","Reconstructed increasing count from raw choices; replaces reverse-direction PS1"
148,"report_count","3","1","Reconstructed increasing count from raw choices; replaces reverse-direction PS1"
150,"report_count","3","1","Reconstructed increasing count from raw choices; replaces reverse-direction PS1"
152,"report_count","3","1","Reconstructed increasing count from raw choices; replaces reverse-direction PS1"
153,"report_count","3","1","Reconstructed increasing count from raw choices; replaces reverse-direction PS1"
154,"report_count","3","1","Reconstructed increasing count from raw choices; replaces reverse-direction PS1"
155,"report_count","3","1","Reconstructed increasing count from raw choices; replaces reverse-direction PS1"
156,"report_count","3","1","Reconstructed increasing count from raw choices; replaces reverse-direction PS1"
157,"report_count","4","0","Reconstructed increasing count from raw choices; replaces reverse-direction PS1"
158,"report_count","3","1","Reconstructed increasing count from raw choices; replaces reverse-direction PS1"
159,"report_count","3","1","Reconstructed increasing count from raw choices; replaces reverse-direction PS1"
163,"report_count","4","0","Reconstructed increasing count from raw choices; replaces reverse-direction PS1"
164,"report_count","3","1","Reconstructed increasing count from raw choices; replaces reverse-direction PS1"
165,"report_count","3","1","Reconstructed increasing count from raw choices; replaces reverse-direction PS1"
166,"report_count","3","1","Reconstructed increasing count from raw choices; replaces reverse-direction PS1"
167,"report_count","3","1","Reconstructed increasing count from raw choices; replaces reverse-direction PS1"
168,"report_count","3","1","Reconstructed increasing count from raw choices; replaces reverse-direction PS1"
169,"report_count","1","3","Reconstructed increasing count from raw choices; replaces reverse-direction PS1"
170,"report_count","3","1","Reconstructed increasing count from raw choices; replaces reverse-direction PS1"
171,"report_count","3","1","Reconstructed increasing count from raw choices; replaces reverse-direction PS1"
172,"report_count","1","3","Reconstructed increasing count from raw choices; replaces reverse-direction PS1"
173,"report_count","3","1","Reconstructed increasing count from raw choices; replaces reverse-direction PS1"
174,"report_count","3","1","Reconstructed increasing count from raw choices; replaces reverse-direction PS1"
177,"report_count","1","3","Reconstructed increasing count from raw choices; replaces reverse-direction PS1"
178,"report_count","4","0","Reconstructed increasing count from raw choices; replaces reverse-direction PS1"
179,"report_count","3","1","Reconstructed increasing count from raw choices; replaces reverse-direction PS1"
180,"report_count","1","3","Reconstructed increasing count from raw choices; replaces reverse-direction PS1"
181,"report_count","3","1","Reconstructed increasing count from raw choices; replaces reverse-direction PS1"
182,"report_count","3","1","Reconstructed increasing count from raw choices; replaces reverse-direction PS1"
183,"report_count","4",,"Reconstructed increasing count from raw choices; replaces reverse-direction PS1"
184,"report_count","4","0","Reconstructed increasing count from raw choices; replaces reverse-direction PS1"
185,"report_count","3","1","Reconstructed increasing count from raw choices; replaces reverse-direction PS1"
188,"report_count","1","3","Reconstructed increasing count from raw choices; replaces reverse-direction PS1"
189,"report_count","3","1","Reconstructed increasing count from raw choices; replaces reverse-direction PS1"
191,"report_count","4","0","Reconstructed increasing count from raw choices; replaces reverse-direction PS1"
192,"report_count","3","1","Reconstructed increasing count from raw choices; replaces reverse-direction PS1"
193,"report_count","3","1","Reconstructed increasing count from raw choices; replaces reverse-direction PS1"
196,"report_count","3","1","Reconstructed increasing count from raw choices; replaces reverse-direction PS1"
198,"report_count","3","1","Reconstructed increasing count from raw choices; replaces reverse-direction PS1"
199,"report_count","3","1","Reconstructed increasing count from raw choices; replaces reverse-direction PS1"
201,"report_count","3","1","Reconstructed increasing count from raw choices; replaces reverse-direction PS1"
202,"report_count","3","1","Reconstructed increasing count from raw choices; replaces reverse-direction PS1"
203,"report_count","3","1","Reconstructed increasing count from raw choices; replaces reverse-direction PS1"
204,"report_count","3","1","Reconstructed increasing count from raw choices; replaces reverse-direction PS1"
206,"report_count","3","1","Reconstructed increasing count from raw choices; replaces reverse-direction PS1"
207,"report_count","3","1","Reconstructed increasing count from raw choices; replaces reverse-direction PS1"
208,"report_count","3","1","Reconstructed increasing count from raw choices; replaces reverse-direction PS1"
209,"report_count","3","1","Reconstructed increasing count from raw choices; replaces reverse-direction PS1"
210,"report_count","3","1","Reconstructed increasing count from raw choices; replaces reverse-direction PS1"
211,"report_count","3","1","Reconstructed increasing count from raw choices; replaces reverse-direction PS1"
212,"report_count","3","1","Reconstructed increasing count from raw choices; replaces reverse-direction PS1"
213,"report_count","3","1","Reconstructed increasing count from raw choices; replaces reverse-direction PS1"
214,"report_count","3","1","Reconstructed increasing count from raw choices; replaces reverse-direction PS1"
215,"report_count","3","1","Reconstructed increasing count from raw choices; replaces reverse-direction PS1"
216,"report_count","4","0","Reconstructed increasing count from raw choices; replaces reverse-direction PS1"
218,"report_count","1","3","Reconstructed increasing count from raw choices; replaces reverse-direction PS1"
219,"report_count","3","1","Reconstructed increasing count from raw choices; replaces reverse-direction PS1"
220,"report_count","3","1","Reconstructed increasing count from raw choices; replaces reverse-direction PS1"
222,"report_count","3","1","Reconstructed increasing count from raw choices; replaces reverse-direction PS1"
223,"report_count","3","1","Reconstructed increasing count from raw choices; replaces reverse-direction PS1"
224,"report_count","3","1","Reconstructed increasing count from raw choices; replaces reverse-direction PS1"
225,"report_count","3","1","Reconstructed increasing count from raw choices; replaces reverse-direction PS1"
226,"report_count","3","1","Reconstructed increasing count from raw choices; replaces reverse-direction PS1"
227,"report_count","3","1","Reconstructed increasing count from raw choices; replaces reverse-direction PS1"
228,"report_count","3","1","Reconstructed increasing count from raw choices; replaces reverse-direction PS1"
229,"report_count","3","1","Reconstructed increasing count from raw choices; replaces reverse-direction PS1"
230,"report_count","3","1","Reconstructed increasing count from raw choices; replaces reverse-direction PS1"
231,"report_count","4","0","Reconstructed increasing count from raw choices; replaces reverse-direction PS1"
232,"report_count","3","1","Reconstructed increasing count from raw choices; replaces reverse-direction PS1"
233,"report_count","3","1","Reconstructed increasing count from raw choices; replaces reverse-direction PS1"
234,"report_count","3","1","Reconstructed increasing count from raw choices; replaces reverse-direction PS1"
235,"report_count","3","1","Reconstructed increasing count from raw choices; replaces reverse-direction PS1"
236,"report_count","3","1","Reconstructed increasing count from raw choices; replaces reverse-direction PS1"
237,"report_count","3","1","Reconstructed increasing count from raw choices; replaces reverse-direction PS1"
238,"report_count","3","1","Reconstructed increasing count from raw choices; replaces reverse-direction PS1"
239,"report_count","3","1","Reconstructed increasing count from raw choices; replaces reverse-direction PS1"
240,"report_count","3","1","Reconstructed increasing count from raw choices; replaces reverse-direction PS1"
241,"report_count","3","1","Reconstructed increasing count from raw choices; replaces reverse-direction PS1"
242,"report_count","3","1","Reconstructed increasing count from raw choices; replaces reverse-direction PS1"
243,"report_count","3","1","Reconstructed increasing count from raw choices; replaces reverse-direction PS1"
244,"report_count","3","1","Reconstructed increasing count from raw choices; replaces reverse-direction PS1"
245,"report_count","3","1","Reconstructed increasing count from raw choices; replaces reverse-direction PS1"
246,"report_count","3","1","Reconstructed increasing count from raw choices; replaces reverse-direction PS1"
247,"report_count","3","1","Reconstructed increasing count from raw choices; replaces reverse-direction PS1"
248,"report_count","3","1","Reconstructed increasing count from raw choices; replaces reverse-direction PS1"
249,"report_count","3","1","Reconstructed increasing count from raw choices; replaces reverse-direction PS1"
250,"report_count","3","1","Reconstructed increasing count from raw choices; replaces reverse-direction PS1"
251,"report_count","3","1","Reconstructed increasing count from raw choices; replaces reverse-direction PS1"
252,"report_count","3","1","Reconstructed increasing count from raw choices; replaces reverse-direction PS1"
253,"report_count","3","1","Reconstructed increasing count from raw choices; replaces reverse-direction PS1"
254,"report_count","3","1","Reconstructed increasing count from raw choices; replaces reverse-direction PS1"
255,"report_count","3","1","Reconstructed increasing count from raw choices; replaces reverse-direction PS1"
256,"report_count","3","1","Reconstructed increasing count from raw choices; replaces reverse-direction PS1"
257,"report_count","3","1","Reconstructed increasing count from raw choices; replaces reverse-direction PS1"
258,"report_count","3","1","Reconstructed increasing count from raw choices; replaces reverse-direction PS1"
259,"report_count","3","1","Reconstructed increasing count from raw choices; replaces reverse-direction PS1"
260,"report_count","3","1","Reconstructed increasing count from raw choices; replaces reverse-direction PS1"
261,"report_count","3","1","Reconstructed increasing count from raw choices; replaces reverse-direction PS1"
262,"report_count","3","1","Reconstructed increasing count from raw choices; replaces reverse-direction PS1"
263,"report_count","3","1","Reconstructed increasing count from raw choices; replaces reverse-direction PS1"
264,"report_count","3","1","Reconstructed increasing count from raw choices; replaces reverse-direction PS1"
265,"report_count","3","1","Reconstructed increasing count from raw choices; replaces reverse-direction PS1"
266,"report_count","3","1","Reconstructed increasing count from raw choices; replaces reverse-direction PS1"
267,"report_count","3","1","Reconstructed increasing count from raw choices; replaces reverse-direction PS1"
268,"report_count","3","1","Reconstructed increasing count from raw choices; replaces reverse-direction PS1"
269,"report_count","3","1","Reconstructed increasing count from raw choices; replaces reverse-direction PS1"
270,"report_count","3","1","Reconstructed increasing count from raw choices; replaces reverse-direction PS1"
271,"report_count","3","1","Reconstructed increasing count from raw choices; replaces reverse-direction PS1"
272,"report_count","3","1","Reconstructed increasing count from raw choices; replaces reverse-direction PS1"
273,"report_count","3","1","Reconstructed increasing count from raw choices; replaces reverse-direction PS1"
275,"report_count","3","1","Reconstructed increasing count from raw choices; replaces reverse-direction PS1"
276,"report_count","3","1","Reconstructed increasing count from raw choices; replaces reverse-direction PS1"
278,"report_count","4","0","Reconstructed increasing count from raw choices; replaces reverse-direction PS1"
279,"report_count","3","1","Reconstructed increasing count from raw choices; replaces reverse-direction PS1"
280,"report_count","3","1","Reconstructed increasing count from raw choices; replaces reverse-direction PS1"
282,"report_count","3","1","Reconstructed increasing count from raw choices; replaces reverse-direction PS1"
283,"report_count","3","1","Reconstructed increasing count from raw choices; replaces reverse-direction PS1"
284,"report_count","3","1","Reconstructed increasing count from raw choices; replaces reverse-direction PS1"
285,"report_count","3","1","Reconstructed increasing count from raw choices; replaces reverse-direction PS1"
286,"report_count","3","1","Reconstructed increasing count from raw choices; replaces reverse-direction PS1"
287,"report_count","1","3","Reconstructed increasing count from raw choices; replaces reverse-direction PS1"
288,"report_count","3","1","Reconstructed increasing count from raw choices; replaces reverse-direction PS1"
289,"report_count","1","3","Reconstructed increasing count from raw choices; replaces reverse-direction PS1"
290,"report_count","3","1","Reconstructed increasing count from raw choices; replaces reverse-direction PS1"
292,"report_count","3","1","Reconstructed increasing count from raw choices; replaces reverse-direction PS1"
293,"report_count","3","1","Reconstructed increasing count from raw choices; replaces reverse-direction PS1"
294,"report_count","3","1","Reconstructed increasing count from raw choices; replaces reverse-direction PS1"
295,"report_count","3","1","Reconstructed increasing count from raw choices; replaces reverse-direction PS1"
296,"report_count","3","1","Reconstructed increasing count from raw choices; replaces reverse-direction PS1"
297,"report_count","3","1","Reconstructed increasing count from raw choices; replaces reverse-direction PS1"
298,"report_count","3","1","Reconstructed increasing count from raw choices; replaces reverse-direction PS1"
299,"report_count","3","1","Reconstructed increasing count from raw choices; replaces reverse-direction PS1"
300,"report_count","3","1","Reconstructed increasing count from raw choices; replaces reverse-direction PS1"
301,"report_count","3","1","Reconstructed increasing count from raw choices; replaces reverse-direction PS1"
302,"report_count","3","1","Reconstructed increasing count from raw choices; replaces reverse-direction PS1"
303,"report_count","3","1","Reconstructed increasing count from raw choices; replaces reverse-direction PS1"
304,"report_count","3","1","Reconstructed increasing count from raw choices; replaces reverse-direction PS1"
305,"report_count","3","1","Reconstructed increasing count from raw choices; replaces reverse-direction PS1"
306,"report_count","3","1","Reconstructed increasing count from raw choices; replaces reverse-direction PS1"
307,"report_count","3","1","Reconstructed increasing count from raw choices; replaces reverse-direction PS1"
308,"report_count","3","1","Reconstructed increasing count from raw choices; replaces reverse-direction PS1"
309,"report_count","3","1","Reconstructed increasing count from raw choices; replaces reverse-direction PS1"
310,"report_count","3","1","Reconstructed increasing count from raw choices; replaces reverse-direction PS1"
311,"report_count","3","1","Reconstructed increasing count from raw choices; replaces reverse-direction PS1"
312,"report_count","3","1","Reconstructed increasing count from raw choices; replaces reverse-direction PS1"
313,"report_count","3","1","Reconstructed increasing count from raw choices; replaces reverse-direction PS1"
315,"report_count","3","1","Reconstructed increasing count from raw choices; replaces reverse-direction PS1"
316,"report_count","3","1","Reconstructed increasing count from raw choices; replaces reverse-direction PS1"
317,"report_count","4","0","Reconstructed increasing count from raw choices; replaces reverse-direction PS1"
318,"report_count","3","1","Reconstructed increasing count from raw choices; replaces reverse-direction PS1"
319,"report_count","3","1","Reconstructed increasing count from raw choices; replaces reverse-direction PS1"
320,"report_count","3","1","Reconstructed increasing count from raw choices; replaces reverse-direction PS1"
321,"report_count","3","1","Reconstructed increasing count from raw choices; replaces reverse-direction PS1"
322,"report_count","3","1","Reconstructed increasing count from raw choices; replaces reverse-direction PS1"
323,"report_count","3","1","Reconstructed increasing count from raw choices; replaces reverse-direction PS1"
324,"report_count","4","0","Reconstructed increasing count from raw choices; replaces reverse-direction PS1"
325,"report_count","3","1","Reconstructed increasing count from raw choices; replaces reverse-direction PS1"
326,"report_count","3","1","Reconstructed increasing count from raw choices; replaces reverse-direction PS1"
327,"report_count","3","1","Reconstructed increasing count from raw choices; replaces reverse-direction PS1"
328,"report_count","3","1","Reconstructed increasing count from raw choices; replaces reverse-direction PS1"
329,"report_count","3","1","Reconstructed increasing count from raw choices; replaces reverse-direction PS1"
330,"report_count","3","1","Reconstructed increasing count from raw choices; replaces reverse-direction PS1"
331,"report_count","3","1","Reconstructed increasing count from raw choices; replaces reverse-direction PS1"
332,"report_count","3","1","Reconstructed increasing count from raw choices; replaces reverse-direction PS1"
333,"report_count","4","0","Reconstructed increasing count from raw choices; replaces reverse-direction PS1"
334,"report_count","3","1","Reconstructed increasing count from raw choices; replaces reverse-direction PS1"
335,"report_count","3","1","Reconstructed increasing count from raw choices; replaces reverse-direction PS1"
336,"report_count","3","1","Reconstructed increasing count from raw choices; replaces reverse-direction PS1"
337,"report_count","3","1","Reconstructed increasing count from raw choices; replaces reverse-direction PS1"
338,"report_count","4","0","Reconstructed increasing count from raw choices; replaces reverse-direction PS1"
339,"report_count","3","1","Reconstructed increasing count from raw choices; replaces reverse-direction PS1"
340,"report_count","3","1","Reconstructed increasing count from raw choices; replaces reverse-direction PS1"
341,"report_count","3","1","Reconstructed increasing count from raw choices; replaces reverse-direction PS1"
342,"report_count","3","1","Reconstructed increasing count from raw choices; replaces reverse-direction PS1"
343,"report_count","3","1","Reconstructed increasing count from raw choices; replaces reverse-direction PS1"
344,"report_count","3","1","Reconstructed increasing count from raw choices; replaces reverse-direction PS1"
345,"report_count","3","1","Reconstructed increasing count from raw choices; replaces reverse-direction PS1"
346,"report_count","3","1","Reconstructed increasing count from raw choices; replaces reverse-direction PS1"
347,"report_count","3","1","Reconstructed increasing count from raw choices; replaces reverse-direction PS1"
348,"report_count","3","1","Reconstructed increasing count from raw choices; replaces reverse-direction PS1"
349,"report_count","3","1","Reconstructed increasing count from raw choices; replaces reverse-direction PS1"
350,"report_count","3","1","Reconstructed increasing count from raw choices; replaces reverse-direction PS1"
351,"report_count","3","1","Reconstructed increasing count from raw choices; replaces reverse-direction PS1"
352,"report_count","3","1","Reconstructed increasing count from raw choices; replaces reverse-direction PS1"
353,"report_count","3","1","Reconstructed increasing count from raw choices; replaces reverse-direction PS1"
354,"report_count","3","1","Reconstructed increasing count from raw choices; replaces reverse-direction PS1"
355,"report_count","3","1","Reconstructed increasing count from raw choices; replaces reverse-direction PS1"
356,"report_count","3","1","Reconstructed increasing count from raw choices; replaces reverse-direction PS1"
357,"report_count","3","1","Reconstructed increasing count from raw choices; replaces reverse-direction PS1"
358,"report_count","3","1","Reconstructed increasing count from raw choices; replaces reverse-direction PS1"
359,"report_count","3","1","Reconstructed increasing count from raw choices; replaces reverse-direction PS1"
360,"report_count","3","1","Reconstructed increasing count from raw choices; replaces reverse-direction PS1"
361,"report_count","4","0","Reconstructed increasing count from raw choices; replaces reverse-direction PS1"
362,"report_count","3","1","Reconstructed increasing count from raw choices; replaces reverse-direction PS1"
363,"report_count","3","1","Reconstructed increasing count from raw choices; replaces reverse-direction PS1"
364,"report_count","3","1","Reconstructed increasing count from raw choices; replaces reverse-direction PS1"
367,"report_count","3","1","Reconstructed increasing count from raw choices; replaces reverse-direction PS1"
368,"report_count","3","1","Reconstructed increasing count from raw choices; replaces reverse-direction PS1"
369,"report_count","3","1","Reconstructed increasing count from raw choices; replaces reverse-direction PS1"
370,"report_count","3","1","Reconstructed increasing count from raw choices; replaces reverse-direction PS1"
371,"report_count","3","1","Reconstructed increasing count from raw choices; replaces reverse-direction PS1"
372,"report_count","3","1","Reconstructed increasing count from raw choices; replaces reverse-direction PS1"
375,"report_count","3","1","Reconstructed increasing count from raw choices; replaces reverse-direction PS1"
376,"report_count","3","1","Reconstructed increasing count from raw choices; replaces reverse-direction PS1"
377,"report_count","3","1","Reconstructed increasing count from raw choices; replaces reverse-direction PS1"
378,"report_count","3","1","Reconstructed increasing count from raw choices; replaces reverse-direction PS1"
379,"report_count","3","1","Reconstructed increasing count from raw choices; replaces reverse-direction PS1"
380,"report_count","3","1","Reconstructed increasing count from raw choices; replaces reverse-direction PS1"
381,"report_count","3","1","Reconstructed increasing count from raw choices; replaces reverse-direction PS1"
382,"report_count","3","1","Reconstructed increasing count from raw choices; replaces reverse-direction PS1"
383,"report_count","3","1","Reconstructed increasing count from raw choices; replaces reverse-direction PS1"
384,"report_count","3","1","Reconstructed increasing count from raw choices; replaces reverse-direction PS1"
385,"report_count","3","1","Reconstructed increasing count from raw choices; replaces reverse-direction PS1"
386,"report_count","3","1","Reconstructed increasing count from raw choices; replaces reverse-direction PS1"
387,"report_count","3","1","Reconstructed increasing count from raw choices; replaces reverse-direction PS1"
388,"report_count","3","1","Reconstructed increasing count from raw choices; replaces reverse-direction PS1"
389,"report_count","3","1","Reconstructed increasing count from raw choices; replaces reverse-direction PS1"
390,"report_count","1","3","Reconstructed increasing count from raw choices; replaces reverse-direction PS1"
391,"report_count","3","1","Reconstructed increasing count from raw choices; replaces reverse-direction PS1"
392,"report_count","3","1","Reconstructed increasing count from raw choices; replaces reverse-direction PS1"
393,"report_count","3","1","Reconstructed increasing count from raw choices; replaces reverse-direction PS1"
394,"report_count","3","1","Reconstructed increasing count from raw choices; replaces reverse-direction PS1"
395,"report_count","3","1","Reconstructed increasing count from raw choices; replaces reverse-direction PS1"
396,"report_count","3","1","Reconstructed increasing count from raw choices; replaces reverse-direction PS1"
397,"report_count","3","1","Reconstructed increasing count from raw choices; replaces reverse-direction PS1"
398,"report_count","3","1","Reconstructed increasing count from raw choices; replaces reverse-direction PS1"
399,"report_count","3","1","Reconstructed increasing count from raw choices; replaces reverse-direction PS1"
400,"report_count","3","1","Reconstructed increasing count from raw choices; replaces reverse-direction PS1"
401,"report_count","3","1","Reconstructed increasing count from raw choices; replaces reverse-direction PS1"
402,"report_count","3","1","Reconstructed increasing count from raw choices; replaces reverse-direction PS1"
405,"report_count","3","1","Reconstructed increasing count from raw choices; replaces reverse-direction PS1"
406,"report_count","3","1","Reconstructed increasing count from raw choices; replaces reverse-direction PS1"
407,"report_count","3","1","Reconstructed increasing count from raw choices; replaces reverse-direction PS1"
408,"report_count","3","1","Reconstructed increasing count from raw choices; replaces reverse-direction PS1"
409,"report_count","3","1","Reconstructed increasing count from raw choices; replaces reverse-direction PS1"
410,"report_count","3","1","Reconstructed increasing count from raw choices; replaces reverse-direction PS1"
411,"report_count","3","1","Reconstructed increasing count from raw choices; replaces reverse-direction PS1"
412,"report_count","3","1","Reconstructed increasing count from raw choices; replaces reverse-direction PS1"
413,"report_count","3","1","Reconstructed increasing count from raw choices; replaces reverse-direction PS1"
414,"report_count","3","1","Reconstructed increasing count from raw choices; replaces reverse-direction PS1"
415,"report_count","3","1","Reconstructed increasing count from raw choices; replaces reverse-direction PS1"
416,"report_count","3","1","Reconstructed increasing count from raw choices; replaces reverse-direction PS1"
417,"report_count","3","1","Reconstructed increasing count from raw choices; replaces reverse-direction PS1"
418,"report_count","3","1","Reconstructed increasing count from raw choices; replaces reverse-direction PS1"
419,"report_count","3","1","Reconstructed increasing count from raw choices; replaces reverse-direction PS1"
420,"report_count","3","1","Reconstructed increasing count from raw choices; replaces reverse-direction PS1"
421,"report_count","3","1","Reconstructed increasing count from raw choices; replaces reverse-direction PS1"
422,"report_count","3","1","Reconstructed increasing count from raw choices; replaces reverse-direction PS1"
423,"report_count","3","1","Reconstructed increasing count from raw choices; replaces reverse-direction PS1"
424,"report_count","3","1","Reconstructed increasing count from raw choices; replaces reverse-direction PS1"
425,"report_count","3","1","Reconstructed increasing count from raw choices; replaces reverse-direction PS1"
426,"report_count","3","1","Reconstructed increasing count from raw choices; replaces reverse-direction PS1"
427,"report_count","3","1","Reconstructed increasing count from raw choices; replaces reverse-direction PS1"
428,"report_count","3","1","Reconstructed increasing count from raw choices; replaces reverse-direction PS1"
429,"report_count","3","1","Reconstructed increasing count from raw choices; replaces reverse-direction PS1"
431,"report_count","3","1","Reconstructed increasing count from raw choices; replaces reverse-direction PS1"
432,"report_count","3","1","Reconstructed increasing count from raw choices; replaces reverse-direction PS1"
433,"report_count","3","1","Reconstructed increasing count from raw choices; replaces reverse-direction PS1"
434,"report_count","3","1","Reconstructed increasing count from raw choices; replaces reverse-direction PS1"
436,"report_count","3","1","Reconstructed increasing count from raw choices; replaces reverse-direction PS1"
437,"report_count","3","1","Reconstructed increasing count from raw choices; replaces reverse-direction PS1"
438,"report_count","3","1","Reconstructed increasing count from raw choices; replaces reverse-direction PS1"
439,"report_count","3","1","Reconstructed increasing count from raw choices; replaces reverse-direction PS1"
440,"report_count","4","0","Reconstructed increasing count from raw choices; replaces reverse-direction PS1"
441,"report_count","3","1","Reconstructed increasing count from raw choices; replaces reverse-direction PS1"
442,"report_count","3","1","Reconstructed increasing count from raw choices; replaces reverse-direction PS1"
443,"report_count","3","1","Reconstructed increasing count from raw choices; replaces reverse-direction PS1"
444,"report_count","3","1","Reconstructed increasing count from raw choices; replaces reverse-direction PS1"
445,"report_count","3","1","Reconstructed increasing count from raw choices; replaces reverse-direction PS1"
446,"report_count","3","1","Reconstructed increasing count from raw choices; replaces reverse-direction PS1"
447,"report_count","3","1","Reconstructed increasing count from raw choices; replaces reverse-direction PS1"
448,"report_count","3","1","Reconstructed increasing count from raw choices; replaces reverse-direction PS1"
449,"report_count","3","1","Reconstructed increasing count from raw choices; replaces reverse-direction PS1"
450,"report_count","3","1","Reconstructed increasing count from raw choices; replaces reverse-direction PS1"
451,"report_count","3","1","Reconstructed increasing count from raw choices; replaces reverse-direction PS1"
452,"report_count","3","1","Reconstructed increasing count from raw choices; replaces reverse-direction PS1"
453,"report_count","3","1","Reconstructed increasing count from raw choices; replaces reverse-direction PS1"
454,"report_count","3","1","Reconstructed increasing count from raw choices; replaces reverse-direction PS1"
455,"report_count","3","1","Reconstructed increasing count from raw choices; replaces reverse-direction PS1"
456,"report_count","3","1","Reconstructed increasing count from raw choices; replaces reverse-direction PS1"
457,"report_count","3","1","Reconstructed increasing count from raw choices; replaces reverse-direction PS1"
458,"report_count","3","1","Reconstructed increasing count from raw choices; replaces reverse-direction PS1"
459,"report_count","3","1","Reconstructed increasing count from raw choices; replaces reverse-direction PS1"
460,"report_count","3","1","Reconstructed increasing count from raw choices; replaces reverse-direction PS1"
461,"report_count","3","1","Reconstructed increasing count from raw choices; replaces reverse-direction PS1"
462,"report_count","3","1","Reconstructed increasing count from raw choices; replaces reverse-direction PS1"
463,"report_count","3","1","Reconstructed increasing count from raw choices; replaces reverse-direction PS1"
465,"report_count","3","1","Reconstructed increasing count from raw choices; replaces reverse-direction PS1"
466,"report_count","3","1","Reconstructed increasing count from raw choices; replaces reverse-direction PS1"
467,"report_count","3","1","Reconstructed increasing count from raw choices; replaces reverse-direction PS1"
469,"report_count","3","1","Reconstructed increasing count from raw choices; replaces reverse-direction PS1"
470,"report_count","3","1","Reconstructed increasing count from raw choices; replaces reverse-direction PS1"
471,"report_count","3","1","Reconstructed increasing count from raw choices; replaces reverse-direction PS1"
473,"report_count","3","1","Reconstructed increasing count from raw choices; replaces reverse-direction PS1"
474,"report_count","4","0","Reconstructed increasing count from raw choices; replaces reverse-direction PS1"
475,"report_count","3","1","Reconstructed increasing count from raw choices; replaces reverse-direction PS1"
476,"report_count","3","1","Reconstructed increasing count from raw choices; replaces reverse-direction PS1"
477,"report_count","3","1","Reconstructed increasing count from raw choices; replaces reverse-direction PS1"
478,"report_count","3","1","Reconstructed increasing count from raw choices; replaces reverse-direction PS1"
479,"report_count","3","1","Reconstructed increasing count from raw choices; replaces reverse-direction PS1"
480,"report_count","3","1","Reconstructed increasing count from raw choices; replaces reverse-direction PS1"
481,"report_count","3","1","Reconstructed increasing count from raw choices; replaces reverse-direction PS1"
482,"report_count","3","1","Reconstructed increasing count from raw choices; replaces reverse-direction PS1"
483,"report_count","3","1","Reconstructed increasing count from raw choices; replaces reverse-direction PS1"
484,"report_count","3","1","Reconstructed increasing count from raw choices; replaces reverse-direction PS1"
485,"report_count","3","1","Reconstructed increasing count from raw choices; replaces reverse-direction PS1"
486,"report_count","3","1","Reconstructed increasing count from raw choices; replaces reverse-direction PS1"
487,"report_count","3","1","Reconstructed increasing count from raw choices; replaces reverse-direction PS1"
488,"report_count","3","1","Reconstructed increasing count from raw choices; replaces reverse-direction PS1"
489,"report_count","3","1","Reconstructed increasing count from raw choices; replaces reverse-direction PS1"
490,"report_count","3","1","Reconstructed increasing count from raw choices; replaces reverse-direction PS1"
491,"report_count","3","1","Reconstructed increasing count from raw choices; replaces reverse-direction PS1"
492,"report_count","3","1","Reconstructed increasing count from raw choices; replaces reverse-direction PS1"
493,"report_count","3","1","Reconstructed increasing count from raw choices; replaces reverse-direction PS1"
494,"report_count","3","1","Reconstructed increasing count from raw choices; replaces reverse-direction PS1"
495,"report_count","3","1","Reconstructed increasing count from raw choices; replaces reverse-direction PS1"
496,"report_count","3","1","Reconstructed increasing count from raw choices; replaces reverse-direction PS1"
497,"report_count","3","1","Reconstructed increasing count from raw choices; replaces reverse-direction PS1"
498,"report_count","3","1","Reconstructed increasing count from raw choices; replaces reverse-direction PS1"
499,"report_count","3","1","Reconstructed increasing count from raw choices; replaces reverse-direction PS1"
500,"report_count","3","1","Reconstructed increasing count from raw choices; replaces reverse-direction PS1"
501,"report_count","3","1","Reconstructed increasing count from raw choices; replaces reverse-direction PS1"
502,"report_count","3","1","Reconstructed increasing count from raw choices; replaces reverse-direction PS1"
503,"report_count","3","1","Reconstructed increasing count from raw choices; replaces reverse-direction PS1"
504,"report_count","3","1","Reconstructed increasing count from raw choices; replaces reverse-direction PS1"
505,"report_count","3","1","Reconstructed increasing count from raw choices; replaces reverse-direction PS1"
506,"report_count","3","1","Reconstructed increasing count from raw choices; replaces reverse-direction PS1"
507,"report_count","3","1","Reconstructed increasing count from raw choices; replaces reverse-direction PS1"
508,"report_count","3","1","Reconstructed increasing count from raw choices; replaces reverse-direction PS1"
509,"report_count","3","1","Reconstructed increasing count from raw choices; replaces reverse-direction PS1"
511,"report_count","3","1","Reconstructed increasing count from raw choices; replaces reverse-direction PS1"
513,"report_count","3","1","Reconstructed increasing count from raw choices; replaces reverse-direction PS1"
517,"report_count","3","1","Reconstructed increasing count from raw choices; replaces reverse-direction PS1"
518,"report_count","3","1","Reconstructed increasing count from raw choices; replaces reverse-direction PS1"
519,"report_count","3","1","Reconstructed increasing count from raw choices; replaces reverse-direction PS1"
520,"report_count","3","1","Reconstructed increasing count from raw choices; replaces reverse-direction PS1"
521,"report_count","3","1","Reconstructed increasing count from raw choices; replaces reverse-direction PS1"
522,"report_count","3","1","Reconstructed increasing count from raw choices; replaces reverse-direction PS1"
523,"report_count","3","1","Reconstructed increasing count from raw choices; replaces reverse-direction PS1"
524,"report_count","3","1","Reconstructed increasing count from raw choices; replaces reverse-direction PS1"
527,"report_count","3","1","Reconstructed increasing count from raw choices; replaces reverse-direction PS1"
528,"report_count","3","1","Reconstructed increasing count from raw choices; replaces reverse-direction PS1"
529,"report_count","3","1","Reconstructed increasing count from raw choices; replaces reverse-direction PS1"
530,"report_count","3","1","Reconstructed increasing count from raw choices; replaces reverse-direction PS1"
531,"report_count","3","1","Reconstructed increasing count from raw choices; replaces reverse-direction PS1"
532,"report_count","3","1","Reconstructed increasing count from raw choices; replaces reverse-direction PS1"
533,"report_count","3","1","Reconstructed increasing count from raw choices; replaces reverse-direction PS1"
534,"report_count","3","1","Reconstructed increasing count from raw choices; replaces reverse-direction PS1"
535,"report_count","3","1","Reconstructed increasing count from raw choices; replaces reverse-direction PS1"
536,"report_count","3","1","Reconstructed increasing count from raw choices; replaces reverse-direction PS1"
537,"report_count","3","1","Reconstructed increasing count from raw choices; replaces reverse-direction PS1"
538,"report_count","3","1","Reconstructed increasing count from raw choices; replaces reverse-direction PS1"
539,"report_count","3","1","Reconstructed increasing count from raw choices; replaces reverse-direction PS1"
540,"report_count","3","1","Reconstructed increasing count from raw choices; replaces reverse-direction PS1"
541,"report_count","3","1","Reconstructed increasing count from raw choices; replaces reverse-direction PS1"
542,"report_count","3","1","Reconstructed increasing count from raw choices; replaces reverse-direction PS1"
543,"report_count","3","1","Reconstructed increasing count from raw choices; replaces reverse-direction PS1"
544,"report_count","3","1","Reconstructed increasing count from raw choices; replaces reverse-direction PS1"
545,"report_count","3","1","Reconstructed increasing count from raw choices; replaces reverse-direction PS1"
546,"report_count","3","1","Reconstructed increasing count from raw choices; replaces reverse-direction PS1"
547,"report_count","3","1","Reconstructed increasing count from raw choices; replaces reverse-direction PS1"
548,"report_count","3","1","Reconstructed increasing count from raw choices; replaces reverse-direction PS1"
549,"report_count","3","1","Reconstructed increasing count from raw choices; replaces reverse-direction PS1"
550,"report_count","3","1","Reconstructed increasing count from raw choices; replaces reverse-direction PS1"
551,"report_count","3","1","Reconstructed increasing count from raw choices; replaces reverse-direction PS1"
552,"report_count","3","1","Reconstructed increasing count from raw choices; replaces reverse-direction PS1"
553,"report_count","3","1","Reconstructed increasing count from raw choices; replaces reverse-direction PS1"
554,"report_count","3","1","Reconstructed increasing count from raw choices; replaces reverse-direction PS1"
555,"report_count","3","1","Reconstructed increasing count from raw choices; replaces reverse-direction PS1"
556,"report_count","3","1","Reconstructed increasing count from raw choices; replaces reverse-direction PS1"
557,"report_count","3","1","Reconstructed increasing count from raw choices; replaces reverse-direction PS1"
558,"report_count","3","1","Reconstructed increasing count from raw choices; replaces reverse-direction PS1"
559,"report_count","3","1","Reconstructed increasing count from raw choices; replaces reverse-direction PS1"
560,"report_count","3","1","Reconstructed increasing count from raw choices; replaces reverse-direction PS1"
561,"report_count","3","1","Reconstructed increasing count from raw choices; replaces reverse-direction PS1"
562,"report_count","4","0","Reconstructed increasing count from raw choices; replaces reverse-direction PS1"
563,"report_count","3","1","Reconstructed increasing count from raw choices; replaces reverse-direction PS1"
564,"report_count","3","1","Reconstructed increasing count from raw choices; replaces reverse-direction PS1"
566,"report_count","3","1","Reconstructed increasing count from raw choices; replaces reverse-direction PS1"
567,"report_count","3","1","Reconstructed increasing count from raw choices; replaces reverse-direction PS1"
568,"report_count","3","1","Reconstructed increasing count from raw choices; replaces reverse-direction PS1"
569,"report_count","3","1","Reconstructed increasing count from raw choices; replaces reverse-direction PS1"
570,"report_count","3","1","Reconstructed increasing count from raw choices; replaces reverse-direction PS1"
571,"report_count","3","1","Reconstructed increasing count from raw choices; replaces reverse-direction PS1"
572,"report_count","3","1","Reconstructed increasing count from raw choices; replaces reverse-direction PS1"
573,"report_count","3","1","Reconstructed increasing count from raw choices; replaces reverse-direction PS1"
574,"report_count","3","1","Reconstructed increasing count from raw choices; replaces reverse-direction PS1"
575,"report_count","3","1","Reconstructed increasing count from raw choices; replaces reverse-direction PS1"
576,"report_count","3","1","Reconstructed increasing count from raw choices; replaces reverse-direction PS1"
577,"report_count","3","1","Reconstructed increasing count from raw choices; replaces reverse-direction PS1"
578,"report_count","3","1","Reconstructed increasing count from raw choices; replaces reverse-direction PS1"
579,"report_count","3","1","Reconstructed increasing count from raw choices; replaces reverse-direction PS1"
580,"report_count","3","1","Reconstructed increasing count from raw choices; replaces reverse-direction PS1"
581,"report_count","3","1","Reconstructed increasing count from raw choices; replaces reverse-direction PS1"
582,"report_count","3","1","Reconstructed increasing count from raw choices; replaces reverse-direction PS1"
583,"report_count","3","1","Reconstructed increasing count from raw choices; replaces reverse-direction PS1"
584,"report_count","3","1","Reconstructed increasing count from raw choices; replaces reverse-direction PS1"
585,"report_count","3","1","Reconstructed increasing count from raw choices; replaces reverse-direction PS1"
586,"report_count","3","1","Reconstructed increasing count from raw choices; replaces reverse-direction PS1"
587,"report_count","3","1","Reconstructed increasing count from raw choices; replaces reverse-direction PS1"
589,"report_count","3","1","Reconstructed increasing count from raw choices; replaces reverse-direction PS1"
590,"report_count","3","1","Reconstructed increasing count from raw choices; replaces reverse-direction PS1"
591,"report_count","3","1","Reconstructed increasing count from raw choices; replaces reverse-direction PS1"
592,"report_count","3","1","Reconstructed increasing count from raw choices; replaces reverse-direction PS1"
593,"report_count","3","1","Reconstructed increasing count from raw choices; replaces reverse-direction PS1"
594,"report_count","3","1","Reconstructed increasing count from raw choices; replaces reverse-direction PS1"
595,"report_count","3","1","Reconstructed increasing count from raw choices; replaces reverse-direction PS1"
597,"report_count","3","1","Reconstructed increasing count from raw choices; replaces reverse-direction PS1"
598,"report_count","3","1","Reconstructed increasing count from raw choices; replaces reverse-direction PS1"
599,"report_count","3","1","Reconstructed increasing count from raw choices; replaces reverse-direction PS1"
602,"report_count","3","1","Reconstructed increasing count from raw choices; replaces reverse-direction PS1"
603,"report_count","3","1","Reconstructed increasing count from raw choices; replaces reverse-direction PS1"
604,"report_count","3","1","Reconstructed increasing count from raw choices; replaces reverse-direction PS1"
605,"report_count","3","1","Reconstructed increasing count from raw choices; replaces reverse-direction PS1"
606,"report_count","3","1","Reconstructed increasing count from raw choices; replaces reverse-direction PS1"
607,"report_count","3","1","Reconstructed increasing count from raw choices; replaces reverse-direction PS1"
608,"report_count","3","1","Reconstructed increasing count from raw choices; replaces reverse-direction PS1"
609,"report_count","3","1","Reconstructed increasing count from raw choices; replaces reverse-direction PS1"
610,"report_count","3","1","Reconstructed increasing count from raw choices; replaces reverse-direction PS1"
611,"report_count","3","1","Reconstructed increasing count from raw choices; replaces reverse-direction PS1"
612,"report_count","3","1","Reconstructed increasing count from raw choices; replaces reverse-direction PS1"
613,"report_count","3","1","Reconstructed increasing count from raw choices; replaces reverse-direction PS1"
614,"report_count","3","1","Reconstructed increasing count from raw choices; replaces reverse-direction PS1"
615,"report_count","3","1","Reconstructed increasing count from raw choices; replaces reverse-direction PS1"
616,"report_count","3","1","Reconstructed increasing count from raw choices; replaces reverse-direction PS1"
617,"report_count","3","1","Reconstructed increasing count from raw choices; replaces reverse-direction PS1"
618,"report_count","3","1","Reconstructed increasing count from raw choices; replaces reverse-direction PS1"
619,"report_count","3","1","Reconstructed increasing count from raw choices; replaces reverse-direction PS1"
620,"report_count","3","1","Reconstructed increasing count from raw choices; replaces reverse-direction PS1"
621,"report_count","3","1","Reconstructed increasing count from raw choices; replaces reverse-direction PS1"
622,"report_count","3","1","Reconstructed increasing count from raw choices; replaces reverse-direction PS1"
623,"report_count","3","1","Reconstructed increasing count from raw choices; replaces reverse-direction PS1"
624,"report_count","3","1","Reconstructed increasing count from raw choices; replaces reverse-direction PS1"
625,"report_count","3","1","Reconstructed increasing count from raw choices; replaces reverse-direction PS1"
626,"report_count","3","1","Reconstructed increasing count from raw choices; replaces reverse-direction PS1"
627,"report_count","4","0","Reconstructed increasing count from raw choices; replaces reverse-direction PS1"
628,"report_count","3","1","Reconstructed increasing count from raw choices; replaces reverse-direction PS1"
629,"report_count","3","1","Reconstructed increasing count from raw choices; replaces reverse-direction PS1"
630,"report_count","3","1","Reconstructed increasing count from raw choices; replaces reverse-direction PS1"
631,"report_count","3","1","Reconstructed increasing count from raw choices; replaces reverse-direction PS1"
632,"report_count","3","1","Reconstructed increasing count from raw choices; replaces reverse-direction PS1"
633,"report_count","3","1","Reconstructed increasing count from raw choices; replaces reverse-direction PS1"
634,"report_count","3","1","Reconstructed increasing count from raw choices; replaces reverse-direction PS1"
635,"report_count","3","1","Reconstructed increasing count from raw choices; replaces reverse-direction PS1"
636,"report_count","3","1","Reconstructed increasing count from raw choices; replaces reverse-direction PS1"
637,"report_count","3","1","Reconstructed increasing count from raw choices; replaces reverse-direction PS1"
638,"report_count","3","1","Reconstructed increasing count from raw choices; replaces reverse-direction PS1"
639,"report_count","3","1","Reconstructed increasing count from raw choices; replaces reverse-direction PS1"
640,"report_count","3","1","Reconstructed increasing count from raw choices; replaces reverse-direction PS1"
641,"report_count","3","1","Reconstructed increasing count from raw choices; replaces reverse-direction PS1"
642,"report_count","3","1","Reconstructed increasing count from raw choices; replaces reverse-direction PS1"
643,"report_count","3","1","Reconstructed increasing count from raw choices; replaces reverse-direction PS1"
644,"report_count","3","1","Reconstructed increasing count from raw choices; replaces reverse-direction PS1"
645,"report_count","3","1","Reconstructed increasing count from raw choices; replaces reverse-direction PS1"
646,"report_count","3","1","Reconstructed increasing count from raw choices; replaces reverse-direction PS1"
647,"report_count","3","1","Reconstructed increasing count from raw choices; replaces reverse-direction PS1"
648,"report_count","3","1","Reconstructed increasing count from raw choices; replaces reverse-direction PS1"
649,"report_count","3","1","Reconstructed increasing count from raw choices; replaces reverse-direction PS1"
650,"report_count","3","1","Reconstructed increasing count from raw choices; replaces reverse-direction PS1"
651,"report_count","3","1","Reconstructed increasing count from raw choices; replaces reverse-direction PS1"
652,"report_count","3","1","Reconstructed increasing count from raw choices; replaces reverse-direction PS1"
653,"report_count","3","1","Reconstructed increasing count from raw choices; replaces reverse-direction PS1"
654,"report_count","3","1","Reconstructed increasing count from raw choices; replaces reverse-direction PS1"
655,"report_count","3","1","Reconstructed increasing count from raw choices; replaces reverse-direction PS1"
656,"report_count","3","1","Reconstructed increasing count from raw choices; replaces reverse-direction PS1"
658,"report_count","4",,"Reconstructed increasing count from raw choices; replaces reverse-direction PS1"
659,"report_count","3","1","Reconstructed increasing count from raw choices; replaces reverse-direction PS1"
661,"report_count","4","0","Reconstructed increasing count from raw choices; replaces reverse-direction PS1"
662,"report_count","3","1","Reconstructed increasing count from raw choices; replaces reverse-direction PS1"
663,"report_count","3","1","Reconstructed increasing count from raw choices; replaces reverse-direction PS1"
664,"report_count","4","0","Reconstructed increasing count from raw choices; replaces reverse-direction PS1"
665,"report_count","3","1","Reconstructed increasing count from raw choices; replaces reverse-direction PS1"
666,"report_count","3","1","Reconstructed increasing count from raw choices; replaces reverse-direction PS1"
667,"report_count","3","1","Reconstructed increasing count from raw choices; replaces reverse-direction PS1"
669,"report_count","3","1","Reconstructed increasing count from raw choices; replaces reverse-direction PS1"
670,"report_count","3","1","Reconstructed increasing count from raw choices; replaces reverse-direction PS1"
671,"report_count","3","1","Reconstructed increasing count from raw choices; replaces reverse-direction PS1"
672,"report_count","3","1","Reconstructed increasing count from raw choices; replaces reverse-direction PS1"
673,"report_count","3","1","Reconstructed increasing count from raw choices; replaces reverse-direction PS1"
674,"report_count","3","1","Reconstructed increasing count from raw choices; replaces reverse-direction PS1"
9,"minimum_ratio","6",,"Unresolved percentage outside 0..100%; retained in original field"
44,"minimum_ratio","5",,"Unresolved percentage outside 0..100%; retained in original field"
87,"minimum_ratio","5",,"Unresolved percentage outside 0..100%; retained in original field"
175,"minimum_ratio","7.03",,"Unresolved percentage outside 0..100%; retained in original field"
225,"minimum_ratio","5",,"Unresolved percentage outside 0..100%; retained in original field"
227,"minimum_ratio","8",,"Unresolved percentage outside 0..100%; retained in original field"
315,"minimum_ratio","5",,"Unresolved percentage outside 0..100%; retained in original field"
347,"minimum_ratio","5",,"Unresolved percentage outside 0..100%; retained in original field"
381,"minimum_ratio","5",,"Unresolved percentage outside 0..100%; retained in original field"
3,"desired_ratio","6.5",,"Unresolved percentage outside 0..100%; retained in original field"
77,"desired_ratio","2",,"Unresolved percentage outside 0..100%; retained in original field"
321,"desired_ratio","2",,"Unresolved percentage outside 0..100%; retained in original field"
551,"desired_ratio","1.5",,"Unresolved percentage outside 0..100%; retained in original field"
194,"timeliness","2",,"Restore raw/structural nonresponse"
469,"timeliness","2",,"Restore raw/structural nonresponse"
339,"satisfaction","2",,"Restore raw/structural nonresponse"
9,"prevention_eff","0",,"Mean of used preventive methods; non-use is undefined effectiveness"
25,"prevention_eff","0",,"Mean of used preventive methods; non-use is undefined effectiveness"
40,"prevention_eff","0",,"Mean of used preventive methods; non-use is undefined effectiveness"
48,"prevention_eff","0",,"Mean of used preventive methods; non-use is undefined effectiveness"
49,"prevention_eff","0",,"Mean of used preventive methods; non-use is undefined effectiveness"
60,"prevention_eff","0",,"Mean of used preventive methods; non-use is undefined effectiveness"
67,"prevention_eff","0",,"Mean of used preventive methods; non-use is undefined effectiveness"
81,"prevention_eff","0",,"Mean of used preventive methods; non-use is undefined effectiveness"
90,"prevention_eff","0",,"Mean of used preventive methods; non-use is undefined effectiveness"
92,"prevention_eff","0",,"Mean of used preventive methods; non-use is undefined effectiveness"
95,"prevention_eff","0",,"Mean of used preventive methods; non-use is undefined effectiveness"
96,"prevention_eff","0",,"Mean of used preventive methods; non-use is undefined effectiveness"
156,"prevention_eff","0",,"Mean of used preventive methods; non-use is undefined effectiveness"
163,"prevention_eff","0",,"Mean of used preventive methods; non-use is undefined effectiveness"
171,"prevention_eff","0",,"Mean of used preventive methods; non-use is undefined effectiveness"
178,"prevention_eff","0",,"Mean of used preventive methods; non-use is undefined effectiveness"
182,"prevention_eff","0",,"Mean of used preventive methods; non-use is undefined effectiveness"
185,"prevention_eff","0",,"Mean of used preventive methods; non-use is undefined effectiveness"
201,"prevention_eff","0",,"Mean of used preventive methods; non-use is undefined effectiveness"
216,"prevention_eff","0",,"Mean of used preventive methods; non-use is undefined effectiveness"
222,"prevention_eff","0",,"Mean of used preventive methods; non-use is undefined effectiveness"
225,"prevention_eff","0",,"Mean of used preventive methods; non-use is undefined effectiveness"
226,"prevention_eff","0",,"Mean of used preventive methods; non-use is undefined effectiveness"
228,"prevention_eff","0",,"Mean of used preventive methods; non-use is undefined effectiveness"
231,"prevention_eff","0",,"Mean of used preventive methods; non-use is undefined effectiveness"
234,"prevention_eff","0",,"Mean of used preventive methods; non-use is undefined effectiveness"
238,"prevention_eff","0",,"Mean of used preventive methods; non-use is undefined effectiveness"
239,"prevention_eff","0",,"Mean of used preventive methods; non-use is undefined effectiveness"
262,"prevention_eff","0",,"Mean of used preventive methods; non-use is undefined effectiveness"
273,"prevention_eff","0",,"Mean of used preventive methods; non-use is undefined effectiveness"
297,"prevention_eff","0",,"Mean of used preventive methods; non-use is undefined effectiveness"
307,"prevention_eff","0",,"Mean of used preventive methods; non-use is undefined effectiveness"
311,"prevention_eff","0",,"Mean of used preventive methods; non-use is undefined effectiveness"
312,"prevention_eff","0",,"Mean of used preventive methods; non-use is undefined effectiveness"
313,"prevention_eff","0",,"Mean of used preventive methods; non-use is undefined effectiveness"
326,"prevention_eff","0",,"Mean of used preventive methods; non-use is undefined effectiveness"
332,"prevention_eff","0",,"Mean of used preventive methods; non-use is undefined effectiveness"
333,"prevention_eff","0",,"Mean of used preventive methods; non-use is undefined effectiveness"
344,"prevention_eff","0",,"Mean of used preventive methods; non-use is undefined effectiveness"
345,"prevention_eff","0",,"Mean of used preventive methods; non-use is undefined effectiveness"
346,"prevention_eff","0",,"Mean of used preventive methods; non-use is undefined effectiveness"
347,"prevention_eff","0",,"Mean of used preventive methods; non-use is undefined effectiveness"
348,"prevention_eff","0",,"Mean of used preventive methods; non-use is undefined effectiveness"
354,"prevention_eff","0",,"Mean of used preventive methods; non-use is undefined effectiveness"
358,"prevention_eff","0",,"Mean of used preventive methods; non-use is undefined effectiveness"
361,"prevention_eff","0",,"Mean of used preventive methods; non-use is undefined effectiveness"
375,"prevention_eff","0",,"Mean of used preventive methods; non-use is undefined effectiveness"
377,"prevention_eff","0",,"Mean of used preventive methods; non-use is undefined effectiveness"
388,"prevention_eff","0",,"Mean of used preventive methods; non-use is undefined effectiveness"
389,"prevention_eff","0",,"Mean of used preventive methods; non-use is undefined effectiveness"
405,"prevention_eff","0",,"Mean of used preventive methods; non-use is undefined effectiveness"
408,"prevention_eff","0",,"Mean of used preventive methods; non-use is undefined effectiveness"
420,"prevention_eff","0",,"Mean of used preventive methods; non-use is undefined effectiveness"
421,"prevention_eff","0",,"Mean of used preventive methods; non-use is undefined effectiveness"
425,"prevention_eff","0",,"Mean of used preventive methods; non-use is undefined effectiveness"
428,"prevention_eff","0",,"Mean of used preventive methods; non-use is undefined effectiveness"
437,"prevention_eff","0",,"Mean of used preventive methods; non-use is undefined effectiveness"
439,"prevention_eff","0",,"Mean of used preventive methods; non-use is undefined effectiveness"
452,"prevention_eff","0",,"Mean of used preventive methods; non-use is undefined effectiveness"
477,"prevention_eff","0",,"Mean of used preventive methods; non-use is undefined effectiveness"
481,"prevention_eff","0",,"Mean of used preventive methods; non-use is undefined effectiveness"
482,"prevention_eff","0",,"Mean of used preventive methods; non-use is undefined effectiveness"
500,"prevention_eff","0",,"Mean of used preventive methods; non-use is undefined effectiveness"
507,"prevention_eff","0",,"Mean of used preventive methods; non-use is undefined effectiveness"
519,"prevention_eff","0",,"Mean of used preventive methods; non-use is undefined effectiveness"
521,"prevention_eff","0",,"Mean of used preventive methods; non-use is undefined effectiveness"
528,"prevention_eff","0",,"Mean of used preventive methods; non-use is undefined effectiveness"
535,"prevention_eff","0",,"Mean of used preventive methods; non-use is undefined effectiveness"
538,"prevention_eff","0",,"Mean of used preventive methods; non-use is undefined effectiveness"
539,"prevention_eff","0",,"Mean of used preventive methods; non-use is undefined effectiveness"
543,"prevention_eff","0",,"Mean of used preventive methods; non-use is undefined effectiveness"
561,"prevention_eff","0",,"Mean of used preventive methods; non-use is undefined effectiveness"
579,"prevention_eff","0",,"Mean of used preventive methods; non-use is undefined effectiveness"
587,"prevention_eff","0",,"Mean of used preventive methods; non-use is undefined effectiveness"
631,"prevention_eff","0",,"Mean of used preventive methods; non-use is undefined effectiveness"
632,"prevention_eff","0",,"Mean of used preventive methods; non-use is undefined effectiveness"
636,"prevention_eff","0",,"Mean of used preventive methods; non-use is undefined effectiveness"
639,"prevention_eff","0",,"Mean of used preventive methods; non-use is undefined effectiveness"
642,"prevention_eff","0",,"Mean of used preventive methods; non-use is undefined effectiveness"
644,"prevention_eff","0",,"Mean of used preventive methods; non-use is undefined effectiveness"
648,"prevention_eff","0",,"Mean of used preventive methods; non-use is undefined effectiveness"
649,"prevention_eff","0",,"Mean of used preventive methods; non-use is undefined effectiveness"
666,"prevention_eff","0",,"Mean of used preventive methods; non-use is undefined effectiveness"
