"grouping","group","variable","n","mean","median","sd"
"county","Baoxing","ID",160,100.4,103,58.3895183149904
"county","Qingchuan","ID",465,434.12688172043,433,139.625758371497
"county","Baoxing","application",160,0.74375,1,0.43793217647824
"county","Qingchuan","application",465,0.339784946236559,0,0.47414618929674
"county","Baoxing","np",160,0.55,1,0.499055712093935
"county","Qingchuan","np",465,0.0365591397849462,0,0.187878896612584
"county","Baoxing","age",160,60.3375,60,10.4652089078182
"county","Qingchuan","age",465,58.9397849462366,59,10.2669449904249
"county","Baoxing","gender",160,0.61875,1,0.487218714205128
"county","Qingchuan","gender",465,0.72258064516129,1,0.448207404715523
"county","Baoxing","household_size",160,3.46875,3,1.78717258513458
"county","Qingchuan","household_size",465,3.50967741935484,3,1.58807955183575
"county","Baoxing","income",160,29707.55625,15800,41341.787100505
"county","Qingchuan","income",465,29534.623655914,22000,22670.8005919708
"county","Baoxing","agri_share",160,0.4583125,0.3,0.45049828718987
"county","Qingchuan","agri_share",465,0.236559139784946,0.1,0.303868359314296
"county","Baoxing","area",160,9.736875,7.5,8.88901959825936
"county","Qingchuan","area",465,9.57139784946237,6,12.0037754110693
"county","Baoxing","livestock",160,37.225,21,51.3597436757647
"county","Qingchuan","livestock",465,8.25806451612903,0,20.8334441969612
"county","Baoxing","assets",160,227343.2058625,29918.695,453856.961646081
"county","Qingchuan","assets",465,46792.0911182796,7541.94,152564.624801497
"county","Baoxing","damage",160,2.1965625,2,2.47160046609352
"county","Qingchuan","damage",465,2.77903225806452,1.5,4.9127381192873
"county","Baoxing","loss",160,3751.125,1450,8998.2570630626
"county","Qingchuan","loss",465,3799.65591397849,1500,24349.8076708995
"county","Baoxing","benefit",160,1.7125,1,0.920674486142612
"county","Qingchuan","benefit",465,2.47956989247312,2,1.05460393977134
"county","Baoxing","ic1",160,4.59375,5,0.49267432186119
"county","Qingchuan","ic1",465,4.70967741935484,5,0.520705861301105
"county","Baoxing","info_count",160,0.45625,0,0.622905294799545
"county","Qingchuan","info_count",465,1.43655913978495,2,0.886170683216479
"county","Baoxing","minimum_ratio",156,0.541474358974359,0.5,0.229284453525787
"county","Qingchuan","minimum_ratio",460,0.610304347826087,0.5,0.232302847707364
"county","Baoxing","desired_ratio",158,0.717405063291139,0.8,0.335620312428088
"county","Qingchuan","desired_ratio",463,0.730259179265659,0.8,0.282069381790923
"county","Baoxing","insurance_wtp",160,356.94375,100,1286.21063176638
"county","Qingchuan","insurance_wtp",465,66.5795698924731,50,98.0182628997452
"county","Baoxing","timeliness",118,1.24576271186441,1,0.521936576000324
"county","Qingchuan","timeliness",157,1.6687898089172,1,0.811681817095325
"county","Baoxing","satisfaction",119,1.23529411764706,1,0.532118923131789
"county","Qingchuan","satisfaction",157,1.4140127388535,1,0.689152080153772
"county","Baoxing","tol1",160,1.7875,2,0.755587155585333
"county","Qingchuan","tol1",464,2.16379310344828,2,0.639842927772241
"county","Baoxing","tol2",160,1.7,2,0.698605979408571
"county","Qingchuan","tol2",465,1.84731182795699,2,0.619648015674726
"county","Baoxing","tol3",160,3.25625,4,1.1059977993086
"county","Qingchuan","tol3",465,2.65376344086022,2,0.911204103402251
"county","Baoxing","tol4",160,2.74375,3,1.2551622962538
"county","Qingchuan","tol4",465,2.23655913978495,2,1.04012028339529
"county","Baoxing","word1",160,3.69375,4,0.793026802468846
"county","Qingchuan","word1",465,3.75698924731183,4,0.95990726130974
"county","Baoxing","word2",142,3.57042253521127,3,0.688279665696995
"county","Qingchuan","word2",438,3.63013698630137,4,0.879570042380186
"county","Baoxing","word3",71,3.57746478873239,4,0.804664470109586
"county","Qingchuan","word3",399,3.55639097744361,4,0.84246766486943
"county","Baoxing","word_count",160,2.33125,2,0.670322132266487
"county","Qingchuan","word_count",465,2.8,3,0.526045756499408
"county","Baoxing","word_mean",160,3.634375,3.66666666666667,0.602955936437991
"county","Qingchuan","word_mean",465,3.65913978494624,3.66666666666667,0.58548717786711
"county","Baoxing","ic",160,-0.0992362039469044,-0.24336425789199,0.718396124276183
"county","Qingchuan","ic",465,0.0341457906053867,0.321970710020053,0.7768000115554
"county","Baoxing","conflict_wb",160,3.440625,3.5,0.579041375977865
"county","Qingchuan","conflict_wb",465,3.27634408602151,3.25,0.516411242136362
"county","Baoxing","conflict_all",160,3.04791666666667,3,0.519160310859534
"county","Qingchuan","conflict_all",465,2.39139784946237,2.33333333333333,0.51854735634388
"county","Baoxing","report_1",159,0.622641509433962,1,0.486257280483309
"county","Qingchuan","report_1",464,0.0366379310344828,0,0.188073989233971
"county","Baoxing","report_2",159,0.433962264150943,0,0.497185774906649
"county","Qingchuan","report_2",464,0.963362068965517,1,0.188073989233971
"county","Baoxing","report_3",159,0.327044025157233,0,0.470615747286278
"county","Qingchuan","report_3",464,0.0344827586206897,0,0.182662548469958
"county","Baoxing","report_4",159,0.0377358490566038,0,0.191158773322345
"county","Qingchuan","report_4",464,0,0,0
"county","Baoxing","report_count",159,1.42138364779874,1,0.814299790833306
"county","Qingchuan","report_count",464,1.03448275862069,1,0.333345745902305
"county","Baoxing","minimum_ratio_original",160,0.671875,0.5,0.858114202351138
"county","Qingchuan","minimum_ratio_original",465,0.663956989247312,0.5,0.578189279538867
"county","Baoxing","desired_ratio_original",160,0.7615625,0.8,0.574380220392917
"county","Qingchuan","desired_ratio_original",465,0.734645161290323,0.8,0.28974560204486
"county","Baoxing","prevention_A",160,1.13125,0,1.39235050799248
"county","Qingchuan","prevention_A",465,0.759139784946237,0,1.13051679507761
"county","Baoxing","prevention_cost_1",35,4578.57142857143,1500,6378.47120852506
"county","Qingchuan","prevention_cost_1",20,2273.5,200,8884.6462921628
"county","Baoxing","prevention_B",160,1.2,1,1.16985189623281
"county","Qingchuan","prevention_B",465,1.29032258064516,2,1.12935598409931
"county","Baoxing","prevention_cost_2",66,262.651515151515,200,220.051077456977
"county","Qingchuan","prevention_cost_2",49,241.224489795918,150,237.264204466431
"county","Baoxing","prevention_C",160,1.975,2,1.85970174115037
"county","Qingchuan","prevention_C",465,1.44086021505376,1,1.50044796178392
"county","Baoxing","prevention_cost_3",0,,,
"county","Qingchuan","prevention_cost_3",3,6666.66666666667,0,11547.0053837925
"county","Baoxing","prevention_D",160,0.125,0,0.580067226639623
"county","Qingchuan","prevention_D",465,0.305376344086021,0,0.970065496299918
"county","Baoxing","prevention_cost_4",0,,,
"county","Qingchuan","prevention_cost_4",0,,,
"county","Baoxing","prevention_E",160,0.71875,0,1.2243436182696
"county","Qingchuan","prevention_E",465,0.49247311827957,0,1.07300702980992
"county","Baoxing","prevention_cost_5",0,,,
"county","Qingchuan","prevention_cost_5",14,2142.85714285714,0,8017.83725737273
"county","Baoxing","prevention_F",160,0,0,0
"county","Qingchuan","prevention_F",465,0.0236559139784946,0,0.165699828224973
"county","Baoxing","prevention_cost_6",0,,,
"county","Qingchuan","prevention_cost_6",0,,,
"county","Baoxing","prevention_G",160,0.025,0,0.249527856046968
"county","Qingchuan","prevention_G",465,0.00860215053763441,0,0.092447461755423
"county","Baoxing","prevention_cost_7",0,,,
"county","Qingchuan","prevention_cost_7",0,,,
"county","Baoxing","prevention_n",160,2.04375,2,1.14566107910503
"county","Qingchuan","prevention_n",465,1.87096774193548,2,1.22144810936485
"county","Baoxing","prevention_used",160,0.8875,1,0.316972708782961
"county","Qingchuan","prevention_used",465,0.860215053763441,1,0.347137240867404
"county","Baoxing","prevention_eff",142,2.57159624413146,2.5,0.89155876091389
"county","Qingchuan","prevention_eff",400,2.34829166666667,2.29166666666667,0.762862778968111
"county","Baoxing","prevention_eff0",160,2.28229166666667,2.41666666666667,1.17017992652722
"county","Qingchuan","prevention_eff0",465,2.02003584229391,2,1.07932974787655
"county","Baoxing","log_income",160,8.91109076656666,9.66774839650806,3.0504497001719
"county","Qingchuan","log_income",465,9.91132490101503,9.99884318585288,1.25133731571286
"county","Baoxing","log_area",160,2.10410335306559,2.13833305950803,0.736052660426684
"county","Qingchuan","log_area",465,2.0327243527862,1.94591014905531,0.758415335664128
"county","Baoxing","log_livestock",160,2.86059765323285,3.09104245335832,1.39222082800933
"county","Qingchuan","log_livestock",465,1.00100011577601,0,1.39476835927229
"county","Baoxing","log_assets",160,10.6615727250227,10.3044945728188,1.99634710973024
"county","Qingchuan","log_assets",465,9.12904450638735,8.92836730542719,1.77378889352589
"county","Baoxing","log_damage",160,0.985876850260489,1.09861228866811,0.555635634251279
"county","Qingchuan","log_damage",465,1.02331606230802,0.916290731874155,0.691306300533482
"county","Baoxing","log_loss",160,6.62685950417035,7.27941418898523,2.62497472809582
"county","Qingchuan","log_loss",465,6.80992377099021,7.31388683163346,2.23565338120932
"county","Baoxing","tolerance3",160,2.07708333333333,2,0.681411240607312
"county","Qingchuan","tolerance3",464,2.08117816091954,2,0.567811194027928
"county","Baoxing","tolerance4",160,2.371875,2.5,0.61172216686496
"county","Qingchuan","tolerance4",464,2.22467672413793,2.25,0.4693981982125
"county","Baoxing","damage_share",160,0.321072461502737,0.214285714285714,0.311699866682791
"county","Qingchuan","damage_share",465,0.32073328046021,0.25,0.26634197515035
"county","Baoxing","loss_income_share",145,0.383267470520032,0.0666666666666667,1.99478117052694
"county","Qingchuan","loss_income_share",461,0.285489884686233,0.0666666666666667,2.39590469380872
"application","0","ID",348,402.98275862069,414.5,175.191685028231
"application","1","ID",277,280.487364620939,252,189.214463148054
"application","0","application",348,0,0,0
"application","1","application",277,1,1,0
"application","0","np",348,0.0977011494252874,0,0.297337662678461
"application","1","np",277,0.256317689530686,0,0.437389505895039
"application","0","age",348,59.6494252873563,59,11.0209689952302
"application","1","age",277,58.85559566787,59,9.38550837664626
"application","0","gender",348,0.67816091954023,1,0.467854330233739
"application","1","gender",277,0.71841155234657,1,0.450587784732473
"application","0","household_size",348,3.56034482758621,3,1.6298129864082
"application","1","household_size",277,3.42238267148014,3,1.65238214892181
"application","0","income",348,28461.4942528736,20000,27184.9119039358
"application","1","income",277,30982.7039711191,20000,30265.5563794147
"application","0","agri_share",348,0.25382183908046,0.1,0.330107907228912
"application","1","agri_share",277,0.342960288808664,0.15,0.389760110926556
"application","0","area",348,8.62816091954023,6,10.5762830784265
"application","1","area",277,10.8519855595668,8,12.0155773604159
"application","0","livestock",348,9.95977011494253,0,24.5510370477483
"application","1","livestock",277,22.8519855595668,8,41.9583528593111
"application","0","assets",348,62207.1145545977,8383.07,198973.178018526
"application","1","assets",277,131715.377050542,17045.452,345516.768200801
"application","0","damage",348,2.44540229885057,1.1,4.57178971749298
"application","1","damage",277,2.86173285198556,2,4.22674985983897
"application","0","loss",348,4105.25862068965,1200,28081.4061840903
"application","1","loss",277,3387.68953068592,1700,7191.5777837135
"application","0","benefit",348,2.4367816091954,2,1.07044281742037
"application","1","benefit",277,2.09025270758123,2,1.05078245916422
"application","0","ic1",348,4.63793103448276,5,0.553686389311167
"application","1","ic1",277,4.73285198555957,5,0.459327828570515
"application","0","info_count",348,1.1867816091954,1,0.918680916597049
"application","1","info_count",277,1.1841155234657,1,0.947173729345624
"application","0","minimum_ratio",341,0.598211143695015,0.5,0.239054564271386
"application","1","minimum_ratio",275,0.586254545454545,0.5,0.226190622581622
"application","0","desired_ratio",346,0.718526011560694,0.8,0.311719626280403
"application","1","desired_ratio",275,0.737636363636364,0.8,0.276070997667542
"application","0","insurance_wtp",348,72.0545977011494,50,115.763322630306
"application","1","insurance_wtp",277,227.420577617329,80,987.532553586902
"application","0","timeliness",0,,,
"application","1","timeliness",275,1.48727272727273,1,0.73172492574342
"application","0","satisfaction",0,,,
"application","1","satisfaction",276,1.33695652173913,1,0.631486107176803
"application","0","tol1",347,2.19596541786744,2,0.685680016848837
"application","1","tol1",277,1.90613718411552,2,0.6636514243158
"application","0","tol2",348,1.89655172413793,2,0.666782592855683
"application","1","tol2",277,1.70036101083032,2,0.596274557112614
"application","0","tol3",348,2.71264367816092,2,0.953175139589915
"application","1","tol3",277,2.92779783393502,3,1.04353766464442
"application","0","tol4",348,2.35057471264368,2,1.06453150937845
"application","1","tol4",277,2.38628158844765,2,1.18820878166526
"application","0","word1",348,3.75,4,0.968152820956601
"application","1","word1",277,3.72924187725632,4,0.85696874952371
"application","0","word2",322,3.62422360248447,4,0.845606302236447
"application","1","word2",258,3.6046511627907,4,0.826775694517767
"application","0","word3",278,3.58992805755396,4,0.889675636672102
"application","1","word3",192,3.515625,4,0.751797584014369
"application","0","word_count",348,2.72413793103448,3,0.591771728955597
"application","1","word_count",277,2.62454873646209,3,0.610752293867143
"application","0","word_mean",348,3.66139846743295,3.66666666666667,0.589741275952842
"application","1","word_mean",277,3.64199759326113,3.66666666666667,0.590358952185658
"application","0","ic",348,-0.0334906257413099,0.180636968042042,0.812297975467165
"application","1","ic",277,0.0420748655522598,0.180636968042042,0.697619286603333
"application","0","conflict_wb",348,3.23204022988506,3.25,0.527214012609291
"application","1","conflict_wb",277,3.42689530685921,3.5,0.531463422480246
"application","0","conflict_all",348,2.42145593869732,2.33333333333333,0.53911318202117
"application","1","conflict_all",277,2.73285198555957,2.66666666666667,0.611247049784815
"application","0","report_1",346,0.0404624277456647,0,0.197326522685746
"application","1","report_1",277,0.368231046931408,0,0.483197506700801
"application","0","report_2",346,0.884393063583815,1,0.320216061765515
"application","1","report_2",277,0.75812274368231,1,0.428995387912756
"application","0","report_3",346,0.046242774566474,0,0.210314571893011
"application","1","report_3",277,0.187725631768953,0,0.391199693010675
"application","0","report_4",346,0.00289017341040462,0,0.053760333057047
"application","1","report_4",277,0.0180505415162455,0,0.133375183093728
"application","0","report_count",346,0.973988439306358,1,0.368175666774834
"application","1","report_count",277,1.33212996389892,1,0.623931095581631
"application","0","minimum_ratio_original",348,0.695373563218391,0.5,0.734465736222766
"application","1","minimum_ratio_original",277,0.629061371841155,0.5,0.552797090288511
"application","0","desired_ratio_original",348,0.724454022988506,0.8,0.321039361535683
"application","1","desired_ratio_original",277,0.762996389891697,0.8,0.448440183093584
"application","0","prevention_A",348,0.747126436781609,0,1.17336817392315
"application","1","prevention_A",277,0.989169675090253,0,1.24959052572257
"application","0","prevention_cost_1",21,3845.71428571429,500,9502.65150967275
"application","1","prevention_cost_1",34,3675.29411764706,900,5888.6846992033
"application","0","prevention_B",348,1.19540229885057,1,1.15725084605125
"application","1","prevention_B",277,1.35740072202166,1,1.11253941229627
"application","0","prevention_cost_2",41,254.146341463415,150,272.671740466042
"application","1","prevention_cost_2",74,253.175675675676,200,198.9175748696
"application","0","prevention_C",348,1.40804597701149,0,1.55036248551645
"application","1","prevention_C",277,1.79061371841155,2,1.67229729569041
"application","0","prevention_cost_3",0,,,
"application","1","prevention_cost_3",3,6666.66666666667,0,11547.0053837925
"application","0","prevention_D",348,0.255747126436782,0,0.905058639250315
"application","1","prevention_D",277,0.263537906137184,0,0.871783389638288
"application","0","prevention_cost_4",0,,,
"application","1","prevention_cost_4",0,,,
"application","0","prevention_E",348,0.474137931034483,0,1.06390510261749
"application","1","prevention_E",277,0.646209386281588,0,1.17542548549049
"application","0","prevention_cost_5",5,6000,0,13416.4078649987
"application","1","prevention_cost_5",9,0,0,0
"application","0","prevention_F",348,0.0201149425287356,0,0.159783674025262
"application","1","prevention_F",277,0.0144404332129964,0,0.11951348033766
"application","0","prevention_cost_6",0,,,
"application","1","prevention_cost_6",0,,,
"application","0","prevention_G",348,0.00574712643678161,0,0.0757004895146412
"application","1","prevention_G",277,0.0216606498194946,0,0.207382200725706
"application","0","prevention_cost_7",0,,,
"application","1","prevention_cost_7",0,,,
"application","0","prevention_n",348,1.70689655172414,2,1.23365795692545
"application","1","prevention_n",277,2.17689530685921,2,1.11370274499842
"application","0","prevention_used",348,0.813218390804598,1,0.390297290821706
"application","1","prevention_used",277,0.935018050541516,1,0.246940150803377
"application","0","prevention_eff",283,2.44369846878681,2.33333333333333,0.78057871896106
"application","1","prevention_eff",259,2.36647361647362,2.33333333333333,0.827987351805027
"application","0","prevention_eff0",348,1.98726053639847,2,1.18526100183036
"application","1","prevention_eff0",277,2.21269554753309,2,0.991135364091063
"application","0","log_income",348,9.63244203822856,9.90353755128617,1.94142637359653
"application","1","log_income",277,9.6839378062062,9.90353755128617,1.91946762365301
"application","0","log_area",348,1.94832081158361,1.94591014905531,0.75357427548112
"application","1","log_area",277,2.17999176211184,2.19722457733622,0.733040485749761
"application","0","log_livestock",348,1.13494123712422,0,1.45435518564687
"application","1","log_livestock",277,1.90686327737861,2.19722457733622,1.69892951071559
"application","0","log_assets",348,9.22624144181212,9.03394778090733,1.86451893735321
"application","1","log_assets",277,9.89214913257445,9.74369736721549,1.99496038438088
"application","0","log_damage",348,0.935082870884041,0.740802270462108,0.682733911912336
"application","1","log_damage",277,1.11253944385293,1.09861228866811,0.615029738927809
"application","0","log_loss",348,6.52611755261401,7.09090982207998,2.48627491938369
"application","1","log_loss",277,7.0607334507871,7.43897159239586,2.11073247347403
"application","0","tolerance3",347,2.14601344860711,2,0.604898083592144
"application","1","tolerance3",277,1.99759326113117,2,0.58082121590878
"application","0","tolerance4",347,2.28818443804035,2.25,0.513000231540487
"application","1","tolerance4",277,2.23014440433213,2.25,0.512580125315972
"application","0","damage_share",348,0.309873343083256,0.25,0.279668447394244
"application","1","damage_share",277,0.334572728741743,0.25,0.276682583772293
"application","0","loss_income_share",337,0.317065622803502,0.06,2.77039084875613
"application","1","loss_income_share",269,0.298637565728542,0.075,1.54018913655691
"np","0","ID",520,386.753846153846,391.5,177.599842973184
"np","1","ID",105,160.2,127,138.39063996806
"np","0","application",520,0.396153846153846,0,0.489568068233743
"np","1","application",105,0.676190476190476,1,0.470172597098418
"np","0","np",520,0,0,0
"np","1","np",105,1,1,0
"np","0","age",520,59.2307692307692,59,10.4071551357641
"np","1","age",105,59.6285714285714,59,9.96653741937831
"np","0","gender",520,0.707692307692308,1,0.455260899958774
"np","1","gender",105,0.638095238095238,1,0.482856275873249
"np","0","household_size",520,3.45384615384615,3,1.57832885677837
"np","1","household_size",105,3.72380952380952,4,1.90896285823983
"np","0","income",520,28985.0173076923,20000,25619.826113358
"np","1","income",105,32520,20000,40250.0200668846
"np","0","agri_share",520,0.25,0.1,0.324201702244078
"np","1","agri_share",105,0.507904761904762,0.5,0.445116007433186
"np","0","area",520,9.32192307692308,6,11.3042688133499
"np","1","area",105,11.0590476190476,8,11.111252917288
"np","0","livestock",520,9.525,0,20.4462580961621
"np","1","livestock",105,46.1238095238095,23,60.9780375403396
"np","0","assets",520,45815.0463384615,8723.01,145369.367512298
"np","1","assets",105,326756.297257143,78045.68,533219.591406073
"np","0","damage",520,2.70548076923077,1.5,4.7414209880733
"np","1","damage",105,2.25571428571429,2,2.24674245260814
"np","0","loss",520,3574.47115384615,1500,23034.0956599141
"np","1","loss",105,4840.90476190476,1500,10954.569971481
"np","0","benefit",520,2.36923076923077,2,1.07261200672494
"np","1","benefit",105,1.85714285714286,2,0.984774197357049
"np","0","ic1",520,4.69423076923077,5,0.520083534693358
"np","1","ic1",105,4.60952380952381,5,0.49019694031383
"np","0","info_count",520,1.29038461538462,1,0.94466550448812
"np","1","info_count",105,0.666666666666667,1,0.645497224367903
"np","0","minimum_ratio",513,0.591345029239766,0.5,0.235458213225699
"np","1","minimum_ratio",103,0.600485436893204,0.5,0.223112468960039
"np","0","desired_ratio",517,0.727388781431335,0.8,0.284232868194852
"np","1","desired_ratio",104,0.725,0.8,0.352177691249165
"np","0","insurance_wtp",520,76.0298076923077,50,105.851067693032
"np","1","insurance_wtp",105,462.238095238095,100,1577.14627585962
"np","0","timeliness",206,1.5873786407767,1,0.789958888914926
"np","1","timeliness",69,1.18840579710145,1,0.393900641355173
"np","0","satisfaction",205,1.40487804878049,1,0.676623399869585
"np","1","satisfaction",71,1.14084507042254,1,0.424121769842015
"np","0","tol1",519,2.11368015414258,2,0.689542502498649
"np","1","tol1",105,1.83809523809524,2,0.652271320431824
"np","0","tol2",520,1.82692307692308,2,0.6457554863987
"np","1","tol2",105,1.72380952380952,2,0.627805060619293
"np","0","tol3",520,2.71730769230769,2,0.961137162442187
"np","1","tol3",105,3.25714285714286,4,1.06544114580057
"np","0","tol4",520,2.32307692307692,2,1.09801281085412
"np","1","tol4",105,2.58095238095238,2,1.20719758421147
"np","0","word1",520,3.72307692307692,4,0.959811996807681
"np","1","word1",105,3.82857142857143,4,0.685805854691887
"np","0","word2",491,3.60692464358452,4,0.863236028701651
"np","1","word2",89,3.66292134831461,4,0.673252286643639
"np","0","word3",425,3.56705882352941,4,0.847219124060087
"np","1","word3",45,3.48888888888889,3,0.726830673735519
"np","0","word_count",520,2.76153846153846,3,0.541941790329486
"np","1","word_count",105,2.27619047619048,2,0.713809364973457
"np","0","word_mean",520,3.63429487179487,3.66666666666667,0.60582091722378
"np","1","word_mean",105,3.74444444444444,3.66666666666667,0.494125028873811
"np","0","ic",520,-0.00189691995614287,0.180636968042042,0.778686899599802
"np","1","ic",105,0.00939427025899454,0.180636968042042,0.689580245012637
"np","0","conflict_wb",520,3.28076923076923,3.25,0.514028054360778
"np","1","conflict_wb",105,3.5047619047619,3.5,0.610387794826584
"np","0","conflict_all",520,2.43205128205128,2.33333333333333,0.523968909835359
"np","1","conflict_all",105,3.19047619047619,3,0.501828159663746
"np","0","report_1",518,0.11969111969112,0,0.32491376799512
"np","1","report_1",105,0.514285714285714,1,0.502192992979594
"np","0","report_2",518,0.884169884169884,1,0.320330441846063
"np","1","report_2",105,0.552380952380952,1,0.499633565359354
"np","0","report_3",518,0.0791505791505791,0,0.270234607775372
"np","1","report_3",105,0.257142857142857,0,0.43915503282684
"np","0","report_4",518,0.00965250965250965,0,0.0978663820050833
"np","1","report_4",105,0.00952380952380952,0,0.0975900072948533
"np","0","report_count",518,1.09266409266409,1,0.472763233097609
"np","1","report_count",105,1.33333333333333,1,0.716114874039433
"np","0","minimum_ratio_original",520,0.660365384615385,0.5,0.650231958873825
"np","1","minimum_ratio_original",105,0.693809523809524,0.5,0.711671084561353
"np","0","desired_ratio_original",520,0.742423076923077,0.8,0.385450083293714
"np","1","desired_ratio_original",105,0.737142857142857,0.8,0.37191219571114
"np","0","prevention_A",520,0.776923076923077,0,1.1893255783251
"np","1","prevention_A",105,1.23809523809524,1,1.25976042841341
"np","0","prevention_cost_1",31,2082.90322580645,200,7154.93964267502
"np","1","prevention_cost_1",24,5881.25,2000,7282.36124660724
"np","0","prevention_B",520,1.27884615384615,2,1.13158141911118
"np","1","prevention_B",105,1.20952380952381,1,1.18236430425878
"np","0","prevention_cost_2",77,270.064935064935,200,241.462775689641
"np","1","prevention_cost_2",38,220,200,192.255460682297
"np","0","prevention_C",520,1.40769230769231,1,1.52156573776917
"np","1","prevention_C",105,2.41904761904762,3,1.80160693431934
"np","0","prevention_cost_3",3,6666.66666666667,0,11547.0053837925
"np","1","prevention_cost_3",0,,,
"np","0","prevention_D",520,0.298076923076923,0,0.956468775316904
"np","1","prevention_D",105,0.0666666666666667,0,0.373822939028078
"np","0","prevention_cost_4",0,,,
"np","1","prevention_cost_4",0,,,
"np","0","prevention_E",520,0.505769230769231,0,1.08233556450665
"np","1","prevention_E",105,0.771428571428571,0,1.257723392431
"np","0","prevention_cost_5",13,2307.69230769231,0,8320.50294337844
"np","1","prevention_cost_5",1,0,0,
"np","0","prevention_F",520,0.0211538461538462,0,0.156843304425706
"np","1","prevention_F",105,0,0,0
"np","0","prevention_cost_6",0,,,
"np","1","prevention_cost_6",0,,,
"np","0","prevention_G",520,0.0153846153846154,0,0.163517000329534
"np","1","prevention_G",105,0,0,0
"np","0","prevention_cost_7",0,,,
"np","1","prevention_cost_7",0,,,
"np","0","prevention_n",520,1.84615384615385,2,1.1954411699993
"np","1","prevention_n",105,2.25714285714286,2,1.19315815113772
"np","0","prevention_used",520,0.861538461538462,1,0.345716338306146
"np","1","prevention_used",105,0.895238095238095,1,0.307715200613562
"np","0","prevention_eff",448,2.36108630952381,2.29166666666667,0.781739050971704
"np","1","prevention_eff",94,2.62464539007092,2.66666666666667,0.873377412508381
"np","0","prevention_eff0",520,2.03416666666667,2,1.09207473240241
"np","1","prevention_eff0",105,2.34968253968254,2.5,1.15516070993229
"np","0","log_income",520,9.72024349010369,9.90353755128617,1.78053838030191
"np","1","log_income",105,9.33346654065462,9.90353755128617,2.53194652996912
"np","0","log_area",520,2.02354916312178,1.94591014905531,0.74791580162122
"np","1","log_area",105,2.18693138774049,2.19722457733622,0.765790533660131
"np","0","log_livestock",520,1.19459342034607,0,1.45361193492632
"np","1","log_livestock",105,2.87592475974425,3.17805383034795,1.63759400028679
"np","0","log_assets",520,9.20787629096457,9.07383337580987,1.73551380043904
"np","1","log_assets",105,11.0739205730682,11.2650623882035,2.20516595649218
"np","0","log_damage",520,1.01571943677331,0.916290731874155,0.675808224598192
"np","1","log_damage",105,1.00388721802654,1.09861228866811,0.571389122766547
"np","0","log_loss",520,6.7023358155831,7.31388683163346,2.35500542772969
"np","1","log_loss",105,7.06378523880466,7.31388683163346,2.25513073835777
"np","0","tolerance3",519,2.08670520231214,2,0.588369397989636
"np","1","tolerance3",105,2.04761904761905,2,0.647857368345201
"np","0","tolerance4",519,2.24470134874759,2.25,0.501538037354332
"np","1","tolerance4",105,2.35,2.5,0.561805126356106
"np","0","damage_share",520,0.326822780838932,0.25,0.281371899163467
"np","1","damage_share",105,0.291092602078009,0.206896551724138,0.262428869171898
"np","0","loss_income_share",507,0.273840444038702,0.065,2.28660941292174
"np","1","loss_income_share",99,0.488358736748851,0.0769230769230769,2.401409866319
