"outcome","adjustment","category","p_no_application","p_application","difference"
"tol1","unadjusted","1",0.0962697628277374,0.221455535351716,0.125185772523978
"tol1","unadjusted","2",0.684409033751584,0.683350047789218,-0.00105898596236587
"tol1","unadjusted","3",0.151259034774959,0.0685719599348426,-0.0826870748401163
"tol1","unadjusted","4",0.0636311265822058,0.0249584343330194,-0.0386726922491865
"tol1","unadjusted","5",0.00443104206351397,0.00166402259120424,-0.00276701947230973
"tol1","background","1",0.114700974899156,0.190730852484716,0.0760298775855598
"tol1","background","2",0.69198359573863,0.694651044495096,0.00266744875646658
"tol1","background","3",0.133519703728492,0.0818004251688691,-0.0517192785596227
"tol1","background","4",0.0559072186618009,0.0307502173510443,-0.0251570013107565
"tol1","background","5",0.00388850697192187,0.00206746050027472,-0.00182104647164715
"tol1","resources","1",0.112680120869074,0.19176599328277,0.079085872413696
"tol1","resources","2",0.690950843705875,0.694545139612938,0.00359429590706296
"tol1","resources","3",0.135475209828185,0.0812617836470557,-0.0542134261811294
"tol1","resources","4",0.0569525703513241,0.0304007000504638,-0.0265518703008602
"tol1","resources","5",0.00394125524554215,0.0020263834067728,-0.00191487183876935
"tol1","explanatory","1",0.126530758072984,0.177924319315738,0.0513935612427547
"tol1","explanatory","2",0.687007452856965,0.688650956763198,0.00164350390623248
"tol1","explanatory","3",0.128281600038224,0.0946155395162508,-0.0336660605219727
"tol1","explanatory","4",0.054592872906745,0.0365502799486348,-0.0180425929581102
"tol1","explanatory","5",0.00358731612508283,0.0022589044561786,-0.00132841166890423
"tol2","unadjusted","1",0.22814727295053,0.357991337466031,0.129844064515501
"tol2","unadjusted","2",0.691717179867884,0.597867444377957,-0.0938497354899275
"tol2","unadjusted","3",0.0419133734635422,0.023509478166033,-0.0184038952975092
"tol2","unadjusted","4",0.0362034374142037,0.0195606129555852,-0.0166428244586185
"tol2","unadjusted","5",0.00201873630383986,0.00107112703439427,-0.000947609269445593
"tol2","background","1",0.24188001617722,0.339188331563568,0.0973083153863481
"tol2","background","2",0.682770526910636,0.612891616588768,-0.0698789103218681
"tol2","background","3",0.0394423940543972,0.0254623552051499,-0.0139800388492472
"tol2","background","4",0.0340143221183582,0.0212907639602858,-0.0127235581580724
"tol2","background","5",0.00189274073938816,0.00116693268222778,-0.000725808057160386
"tol2","resources","1",0.235509326850657,0.346119364208028,0.110610037357371
"tol2","resources","2",0.686898652211119,0.607784699047686,-0.0791139531634328
"tol2","resources","3",0.0407600142391523,0.024665174411645,-0.0160948398275073
"tol2","resources","4",0.0348975328519146,0.0203252658796273,-0.0145722669722873
"tol2","resources","5",0.0019344738471569,0.00110549645301306,-0.000828977394143835
"tol2","explanatory","1",0.245451261029462,0.33702781568577,0.0915765546563083
"tol2","explanatory","2",0.679105859334582,0.614531731867773,-0.0645741274668091
"tol2","explanatory","3",0.0400919257464926,0.0264588455583374,-0.0136330801881552
"tol2","explanatory","4",0.0334948378491278,0.0208718580201302,-0.0126229798289976
"tol2","explanatory","5",0.00185611604033547,0.00110974886798913,-0.000746367172346345
"tol3","unadjusted","1",0.0445341478693926,0.0304224994293097,-0.0141116484400828
"tol3","unadjusted","2",0.505924275981702,0.421424179225074,-0.0845000967566286
"tol3","unadjusted","3",0.162948140383413,0.174424184031504,0.0114760436480911
"tol3","unadjusted","4",0.262675574976836,0.33860754717092,0.0759319721940847
"tol3","unadjusted","5",0.0239178607886564,0.0351215901431922,0.0112037293545357
"tol3","background","1",0.0388464666165444,0.0364679188822131,-0.00237854773433132
"tol3","background","2",0.468738323222188,0.455675883356057,-0.0130624398661306
"tol3","background","3",0.168429724698891,0.170247761828507,0.0018180371296167
"tol3","background","4",0.295695158740431,0.30746693695513,0.0117717782146991
"tol3","background","5",0.0282903267219461,0.0301414989780923,0.00185117225614616
"tol3","resources","1",0.0391849156587998,0.0356160979688022,-0.00356881768999761
"tol3","resources","2",0.472778170049864,0.453284063502563,-0.0194941065473019
"tol3","resources","3",0.168344113575683,0.171108774096934,0.00276466052125048
"tol3","resources","4",0.291923138344984,0.309437273412028,0.0175141350670442
"tol3","resources","5",0.0277696623706689,0.0305537910196736,0.00278412864900475
"tol3","explanatory","1",0.0411210314672094,0.0332171933583194,-0.00790383810889005
"tol3","explanatory","2",0.48411197814561,0.442255059242671,-0.0418569189029398
"tol3","explanatory","3",0.168682284835994,0.174553264027168,0.00587097919117354
"tol3","explanatory","4",0.279999221805738,0.317691563849934,0.0376923420441964
"tol3","explanatory","5",0.0260854837454481,0.032282919521908,0.00619743577645987
"tol4","unadjusted","1",0.251045378593061,0.251409708139913,0.000364329546852504
"tol4","unadjusted","2",0.38396946246652,0.38405390180263,8.44393361101314e-05
"tol4","unadjusted","3",0.118434268681402,0.118345103847644,-8.9164833758093e-05
"tol4","unadjusted","4",0.240145124452076,0.23979783562777,-0.000347288824305458
"tol4","unadjusted","5",0.00640576580694119,0.0063934505820421,-1.23152248990843e-05
"tol4","background","1",0.225426090102148,0.280857590339917,0.0554315002377696
"tol4","background","2",0.372540299321136,0.384126784117969,0.011586484796833
"tol4","background","3",0.125618031936201,0.112797017444399,-0.0128210144918024
"tol4","background","4",0.26899841273658,0.216733933249123,-0.0522644794874565
"tol4","background","5",0.00741716590393475,0.00548467484859103,-0.00193249105534372
"tol4","resources","1",0.220695057866425,0.286133465094332,0.0654384072279061
"tol4","resources","2",0.368901578937071,0.382251065434087,0.0133494864970163
"tol4","resources","3",0.127128723351714,0.112229215726838,-0.0148995076248769
"tol4","resources","4",0.275620693288254,0.214043418291727,-0.0615772749965274
"tol4","resources","5",0.00765394655653509,0.00534283545301696,-0.00231111110351813
"tol4","explanatory","1",0.223355161533877,0.289778971330799,0.066423809796922
"tol4","explanatory","2",0.372715119593682,0.382945332041494,0.0102302124478122
"tol4","explanatory","3",0.123965530629201,0.109774122607317,-0.0141914080218839
"tol4","explanatory","4",0.271677563493302,0.211916649409435,-0.0597609140838669
"tol4","explanatory","5",0.00828662474993892,0.0055849246109555,-0.00270170013898342
