"field","label","missing","unique"
"ID","序号",0,625
"QID93_4","调查地点 - 县（市）",0,4
"...3","Q1_County",0,2
"QID93_1","调查地点 - 乡镇",0,64
"...5","Q1_Township",0,25
"QID93_2","调查地点 - 村",0,277
"...7","Q1_Village",1,175
"...8","Q3_InNP",0,2
"Q2","您的年龄是？",0,58
"...10","Q5_Age",0,58
"Q3","您的性别是？",0,2
"...12","Q4_Gender",0,2
"Q4","您的家庭常住人口为？",0,9
"...14","Q7_HouseholdPop",0,9
"Q5","您的受教育程度为？",1,5
"...16","Q6_Education",0,5
"Q6_4","收入调查 - 您的家庭年收入为（元）？",7,57
"...18","Q8_AnnualIncome",0,54
"Q6_5","收入调查 - 其中农业收入占比为（%）？",46,42
"...20","Q9_AgriProportion",0,24
"Q7_1","种植业调查（亩） - 玉米（亩）",9,41
"...22","Q10_MazieArea",0,41
"Q7_4","种植业调查（亩） - 土豆（亩）",22,24
"...24","Q10_PotatoArea",0,24
"Q7_7","种植业调查（亩） - 茶叶（亩）",5,23
"Q7_7_TEXT","种植业调查（亩） - 茶叶（亩） - Text",617,6
"...27","Q10_TeeArea",0,23
"Q7_5","种植业调查（亩） - 水果（亩）",1,10
"Q7_5_TEXT","种植业调查（亩） - 水果（亩） - Text",600,7
"...30","Q10_FruitArea",0,10
"Q7_6","种植业调查（亩） - 中药材（亩）",4,19
"Q7_6_TEXT","种植业调查（亩） - 中药材（亩） - Text",591,26
"...33","Q10_HerbArea",0,19
"Q7_8","种植业调查（亩） - 蔬菜（亩）",7,19
"Q7_8_TEXT","种植业调查（亩） - 蔬菜（亩） - Text",504,45
"...36","Q10_VegArea",0,19
"Q7_10","种植业调查（亩） - 其他",9,22
"Q7_10_TEXT","种植业调查（亩） - 其他 - Text",303,78
"...39","Q10_RapeArea",0,20
"...40","Q10_SweetPotatoArea",0,9
"...41","Q11_TotalArea",0,99
"...42","Q14_CropAsset",0,366
"Q8_1","养殖业调查 - 牛（头）",562,31
"...44","Q12_Cattle",0,32
"Q8_2","养殖业调查 - 羊（头）",603,15
"...46","Q12_Sheep",0,16
"Q8_6","养殖业调查 - 猪（头）",381,24
"...48","Q12_Pig",0,24
"Q8_3","养殖业调查 - 鸡（只）",398,28
"...50","Q12_Chicken",0,29
"Q8_7","养殖业调查 - 蜂蜜（箱）",526,26
"...52","Q12_Bee",0,27
"Q8_8","养殖业调查 - 其他",607,18
"...54","Q13_TotalLivestock",0,81
"...55","Q14_LivestockAsset",0,215
"...56","Q14_HouseholdAsset",0,496
"Q9","您对于村组及周边野生动物致害的主观感受是？",0,5
"...58","CP_A2",0,5
"Q10","您遇到了哪些物种致害？ - Selected Choice",0,8
"Q10_4_TEXT","您遇到了哪些物种致害？ - 其他 - Text",502,66
"...61","野猪",0,2
"...62","黑熊",0,2
"...63","猴子",0,2
"...64","豪猪",0,2
"...65","猪獾",0,2
"...66","麂子",0,2
"...67","盘羊",0,2
"...68","熊猫",0,2
"...69","刺猬",0,2
"...70","松鼠",0,2
"...71","兔子",0,2
"...72","鸟类",0,2
"...73","CP_A1",0,7
"Q13","您申请过野生动物致害补偿吗？（商业保险）",0,2
"...75","CE0",0,2
"Q14","野生动物致害补偿是否及时？",350,3
"...77","CE1",348,3
"Q15","对补偿金额是否满意，补偿金额为（元）？ - Selected Choice",349,3
"...79","CE2",348,3
"Q15_1_TEXT","对补偿金额是否满意，补偿金额为（元）？ - 满意 - Text",604,19
"Q15_2_TEXT","对补偿金额是否满意，补偿金额为（元）？ - 一般 - Text",584,29
"Q15_3_TEXT","对补偿金额是否满意，补偿金额为（元）？ - 不满意 - Text",428,86
"Q16_4","补偿比例 - 您能接受的最低补偿比例是（%）？",0,19
"...84","CA1",0,19
"Q16_5","补偿比例 - 你愿意出资多少钱购买保险（元/年）？",17,38
"...86","CA3",0,38
"Q16_6","补偿比例 - 出资后，您的意向补偿比例是（%）？",19,15
"...88","CA2",0,15
"Q17","出现野生动物致害事件后，您会上报至以下部门",2,15
"...90","PS1",0,4
"...91","NA",0,4
"Q18","野猪致害的主要类别包括？",2,9
"Q19","您是否经常遇到野猪致害问题？（致害发生期间）",3,4
"...94","CP_WB3",0,5
"Q20","您经常看到野猪吗？（全年）",2,5
"...96","CP_WB1",0,5
"Q21","您认为野猪致害从什么时间开始的？（年份）",6,48
"...98","CP_A3",0,24
"Q22","您认为近五年野猪致害的趋势是？",6,5
"...100","CP_WB4",0,5
"Q23","野猪致害大多发生在几月？",1,63
"...102","1月",0,2
"...103","2月",0,2
"...104","3月",0,2
"...105","4月",0,2
"...106","5月",0,2
"...107","6月",0,2
"...108","7月",0,2
"...109","8月",0,2
"...110","9月",0,2
"...111","10月",0,2
"...112","11月",0,2
"...113","12月",0,2
"...114","CP_WB2_number",0,12
"...115","CP_WB2",0,5
"Q88","野猪致害大多发生在什么时间？",4,3
"Q24_1","野猪致害受损面积为 - 玉米（亩）",18,35
"...118","MazieArea",0,34
"Q24_2","野猪致害受损面积为 - 土豆（亩）",23,10
"...120","PotatoArea",0,10
"Q24_3","野猪致害受损面积为 - 茶叶（亩）",4,9
"...122","TeeArea",0,9
"Q24_4","野猪致害受损面积为 - 水果（亩）",1,3
"Q24_4_TEXT","野猪致害受损面积为 - 水果（亩） - Text",624,1
"...125","FruitArea",0,3
"Q24_5","野猪致害受损面积为 - 中药材（亩）",1,17
"Q24_5_TEXT","野猪致害受损面积为 - 中药材（亩） - Text",610,14
"...128","HerbArea",0,16
"Q24_6","野猪致害受损面积为 - 蔬菜（亩）",3,9
"Q24_6_TEXT","野猪致害受损面积为 - 蔬菜（亩） - Text",603,12
"...131","VegArea",0,9
"Q24_7","野猪致害受损面积为 - 其他（亩）",6,15
"Q24_7_TEXT","野猪致害受损面积为 - 其他（亩） - Text",572,21
"...134","OtherArea",0,14
"...135","TC1_DamagedArea",0,50
"Q25_1","野猪致害经济损失总和为（元）？ - 玉米",0,71
"Q25_2","野猪致害经济损失总和为（元）？ - 土豆",1,18
"Q25_3","野猪致害经济损失总和为（元）？ - 茶叶",0,11
"Q25_4","野猪致害经济损失总和为（元）？ - 水果",0,4
"Q25_5","野猪致害经济损失总和为（元）？ - 中药材",0,16
"Q25_6","野猪致害经济损失总和为（元）？ - 蔬菜",0,12
"Q25_7","野猪致害经济损失总和为（元）？ - 其他",0,21
"...143","OtherLoss",0,15
"...144","TC2_EconomicLoss",0,98
"Q26","您怎样看待野猪的出现",0,4
"...146","IC1",0,4
"Q27","您是否有以下经历",1,7
"Q28","您周围是否有野猪被捕杀？",0,6
"Q29","当遇到野猪时，您更倾向以下哪种措施？",2,3
"Q30_1","你是如何看待以下陈述 - 您认为野猪是森林中的重要组成部分",1,5
"...151","IB",0,5
"Q30_2","你是如何看待以下陈述 - 您可以接受野猪所造成的一些破坏",0,5
"...153","Tol4",0,5
"Q30_3","你是如何看待以下陈述 - 您认为野猪严重威胁了您的人身安全",0,5
"...155","Tol3",0,5
"Q30_4","你是如何看待以下陈述 - 您认为政府应该采取更严格的管控措施来控制野猪的数量",0,5
"...157","Tol2",0,5
"Q30_5","你是如何看待以下陈述 - 您支持对野猪采取非致命的管理策略（例如异地安置，设置围栏等）",1,5
"...159","Tol1",0,5
"Q35_1","用三个词语形容野猪",0,279
"Q35_2","用三个词语形容野猪",45,290
"Q35_3","用三个词语形容野猪",155,261
"...163","First",0,5
"...164","Second",45,5
"...165","Third",155,5
"...166","IC_Attitude",0,16
"Q36_1","现有针对野猪的事前预防策略的实施效果如何？成本如何（元/年）？ - 设置障碍物（电围栏）",0,6
"Q36_1_TEXT","现有针对野猪的事前预防策略的实施效果如何？成本如何（元/年）？ - 设置障碍物（电围栏） - Text",478,99
"...169","PE_A",0,6
"...170","PE_A_count",0,2
"Q36_2","现有针对野猪的事前预防策略的实施效果如何？成本如何（元/年）？ - 利用干扰技术，如：爆闪灯、音响等",0,5
"Q36_2_TEXT","现有针对野猪的事前预防策略的实施效果如何？成本如何（元/年）？ - 利用干扰技术，如：爆闪灯、音响等 - Text",336,132
"...173","PE_B",0,5
"...174","PE_B_count",0,2
"Q36_3","现有针对野猪的事前预防策略的实施效果如何？成本如何（元/年）？ - 人工看守",0,6
"Q36_3_TEXT","现有针对野猪的事前预防策略的实施效果如何？成本如何（元/年）？ - 人工看守 - Text",553,46
"...177","PE_C",0,6
"...178","PE_C_count",0,2
"Q36_4","现有针对野猪的事前预防策略的实施效果如何？成本如何（元/年）？ - 改变作物结构（换种/弃种）",0,5
"Q36_4_TEXT","现有针对野猪的事前预防策略的实施效果如何？成本如何（元/年）？ - 改变作物结构（换种/弃种） - Text",584,31
"...181","PE_D",0,5
"...182","PE_D_count",0,2
"Q36_5","现有针对野猪的事前预防策略的实施效果如何？成本如何（元/年）？ - 生物防治，如：豢养犬只等",0,6
"Q36_5_TEXT","现有针对野猪的事前预防策略的实施效果如何？成本如何（元/年）？ - 生物防治，如：豢养犬只等 - Text",571,28
"...185","PE_E",0,6
"...186","PE_E_count",0,2
"Q36_6","现有针对野猪的事前预防策略的实施效果如何？成本如何（元/年）？ - 异地安置或狩猎",0,3
"Q36_6_TEXT","现有针对野猪的事前预防策略的实施效果如何？成本如何（元/年）？ - 异地安置或狩猎 - Text",624,1
"...189","PE_F",0,3
"...190","PE_F_count",0,2
"Q36_7","现有针对野猪的事前预防策略的实施效果如何？成本如何（元/年）？ - 移民搬迁",0,3
"Q36_7_TEXT","现有针对野猪的事前预防策略的实施效果如何？成本如何（元/年）？ - 移民搬迁 - Text",625,0
"...193","PE_G",0,3
"...194","PE_G_count",0,2
"Q36_8","现有针对野猪的事前预防策略的实施效果如何？成本如何（元/年）？ - 宣传教育",0,4
"Q36_8_TEXT","现有针对野猪的事前预防策略的实施效果如何？成本如何（元/年）？ - 宣传教育 - Text",625,0
"...197","PE_count",0,8
"...198","PE",0,25
"Q38","您是否通过以下途径了解到野猪致害信息",0,21
"...200","PS2",0,6
"Q86","关于这名受访人员的备注",124,377
