"term","estimate","se","low","high","p","n","clusters","outcome","adjustment","transform","rule","missing","clustering"
"application",-0.419642999933248,0.0923268581301253,-0.610196269627649,-0.229089730238848,0.000132022446244769,624,25,"tol1","none","log","retain","complete","township"
"application",-0.419642999933248,0.0772528484404478,-0.572098190031684,-0.267187809834812,1.82038921052126e-07,624,178,"tol1","none","log","retain","complete","village"
"application",-0.424069982177935,0.0931629215776563,-0.616348802019124,-0.231791162336745,0.000129781246746384,617,25,"tol1","none","log","exclude_extreme_loss","complete","township"
"application",-0.424069982177935,0.0781889958313329,-0.578372619086666,-0.269767345269203,1.89546470800431e-07,617,178,"tol1","none","log","exclude_extreme_loss","complete","village"
"application",-0.425622453614695,0.0925757845500874,-0.616689482189206,-0.234555425040184,0.000115553150997781,622,25,"tol1","none","log","exclude_reporting_conflict","complete","township"
"application",-0.425622453614695,0.0778716714808744,-0.579298864498773,-0.271946042730617,1.54844507795141e-07,622,178,"tol1","none","log","exclude_reporting_conflict","complete","village"
"application",-0.284537779753604,0.0813136619263092,-0.452360929644021,-0.116714629863187,0.00184573218557865,624,25,"tol1","background","log","retain","complete","township"
"application",-0.284537779753604,0.0767515205709656,-0.436003620757651,-0.133071938749558,0.000280071351483656,624,178,"tol1","background","log","retain","complete","village"
"application",-0.285929664813424,0.0817185951801596,-0.454588555864018,-0.11727077376283,0.00184713399846659,617,25,"tol1","background","log","exclude_extreme_loss","complete","township"
"application",-0.285929664813424,0.0770430451376939,-0.437970817073122,-0.133888512553726,0.000275959481424862,617,178,"tol1","background","log","exclude_extreme_loss","complete","village"
"application",-0.293353291610317,0.0809456456919994,-0.460416893324087,-0.126289689896548,0.00135397750564374,622,25,"tol1","background","log","exclude_reporting_conflict","complete","township"
"application",-0.293353291610317,0.0772503308069678,-0.445803513266831,-0.140903069953803,0.00020072106121884,622,178,"tol1","background","log","exclude_reporting_conflict","complete","village"
"application",-0.300737627187573,0.0823987295698917,-0.470800246626849,-0.130675007748297,0.00126995057107648,624,25,"tol1","resources","log","retain","complete","township"
"application",-0.300737627187573,0.079913952097559,-0.458444391462323,-0.143030862912823,0.000227885459346472,624,178,"tol1","resources","log","retain","complete","village"
"application",-0.300645975705146,0.0830721085612318,-0.47209838107608,-0.129193570334213,0.00137087717550921,617,25,"tol1","resources","log","exclude_extreme_loss","complete","township"
"application",-0.300645975705146,0.0803446976400787,-0.459202797872836,-0.142089153537457,0.000246556959325022,617,178,"tol1","resources","log","exclude_extreme_loss","complete","village"
"application",-0.307308930781793,0.0827439090617677,-0.478083965677855,-0.13653389588573,0.00108182671045726,622,25,"tol1","resources","log","exclude_reporting_conflict","complete","township"
"application",-0.307308930781793,0.0805378812505919,-0.46624699253688,-0.148370869026706,0.000187485581336942,622,178,"tol1","resources","log","exclude_reporting_conflict","complete","village"
"application",-0.292879332131757,0.0804199904753509,-0.458858034799973,-0.126900629463541,0.00129525361952577,624,25,"tol1","resources","raw","retain","complete","township"
"application",-0.292879332131757,0.0784550456346508,-0.447707006940829,-0.138051657322685,0.000254742238487581,624,178,"tol1","resources","raw","retain","complete","village"
"application",-0.295075145225975,0.0807886399270104,-0.461814702967216,-0.128335587484734,0.00126158861996965,617,25,"tol1","resources","raw","exclude_extreme_loss","complete","township"
"application",-0.295075145225975,0.0792607488005091,-0.451492840750057,-0.138657449701893,0.000264518529020699,617,178,"tol1","resources","raw","exclude_extreme_loss","complete","village"
"application",-0.300487727148325,0.0803106561375366,-0.46624077483399,-0.13473467946266,0.00100964179495695,622,25,"tol1","resources","raw","exclude_reporting_conflict","complete","township"
"application",-0.300487727148325,0.0789310914301615,-0.456254857960836,-0.144720596335814,0.00019371352601935,622,178,"tol1","resources","raw","exclude_reporting_conflict","complete","village"
"application",-0.245185388513823,0.079280663943956,-0.408812636792668,-0.0815581402349773,0.00497474856758232,624,25,"tol1","conflict","log","retain","complete","township"
"application",-0.245185388513823,0.078791307934637,-0.400676662580427,-0.0896941144472187,0.00216817287749545,624,178,"tol1","conflict","log","retain","complete","village"
"application",-0.239105835660349,0.0820513809424887,-0.408451562767145,-0.0697601085535535,0.00760377679679184,617,25,"tol1","conflict","log","exclude_extreme_loss","complete","township"
"application",-0.239105835660349,0.0790396786284688,-0.39508725866136,-0.0831244126593377,0.00285536331925494,617,178,"tol1","conflict","log","exclude_extreme_loss","complete","village"
"application",-0.251214974130296,0.0797681301349433,-0.415848303179562,-0.0865816450810289,0.00434092473495509,622,25,"tol1","conflict","log","exclude_reporting_conflict","complete","township"
"application",-0.251214974130296,0.0794361144308932,-0.407978746220571,-0.0944512020400201,0.00184107183668661,622,178,"tol1","conflict","log","exclude_reporting_conflict","complete","village"
"application",-0.232833389549335,0.0765340821008394,-0.390791971512779,-0.0748748075858916,0.00561223324582304,624,25,"tol1","conflict","raw","retain","complete","township"
"application",-0.232833389549335,0.0770934221985093,-0.384973958782495,-0.0806928203161756,0.00290045935985199,624,178,"tol1","conflict","raw","retain","complete","village"
"application",-0.230169208669313,0.0794132222946922,-0.394070043937575,-0.0662683734010514,0.00789027335712923,617,25,"tol1","conflict","raw","exclude_extreme_loss","complete","township"
"application",-0.230169208669313,0.0780628256975725,-0.384222854218949,-0.076115563119677,0.00362419911109969,617,178,"tol1","conflict","raw","exclude_extreme_loss","complete","village"
"application",-0.239808809437108,0.0766577476507826,-0.398022624551203,-0.0815949943230141,0.004566194418861,622,25,"tol1","conflict","raw","exclude_reporting_conflict","complete","township"
"application",-0.239808809437108,0.0776617352285935,-0.393070920112247,-0.0865466987619695,0.00234102787797523,622,178,"tol1","conflict","raw","exclude_reporting_conflict","complete","village"
"application",-0.172171507685942,0.0795118059382226,-0.336275809594286,-0.00806720577759723,0.0405219111809234,622,25,"tol1","explanatory","log","retain","complete","township"
"application",-0.172171507685942,0.0757700737591508,-0.321700505411231,-0.022642509960652,0.0242718871041396,622,178,"tol1","explanatory","log","retain","complete","village"
"application",-0.170475253527145,0.0792887648802087,-0.334119221316671,-0.00683128573762004,0.0418392157938043,624,25,"tol1","explanatory","log","retain","median_mode_sensitivity","township"
"application",-0.170475253527145,0.0757741096432965,-0.320012215897067,-0.0209382911572236,0.0256945542285325,624,178,"tol1","explanatory","log","retain","median_mode_sensitivity","village"
"application",-0.17200945410248,0.0817095943514897,-0.340649768355729,-0.00336913984923107,0.0459318735380555,615,25,"tol1","explanatory","log","exclude_extreme_loss","complete","township"
"application",-0.17200945410248,0.07648384556103,-0.322947049930483,-0.0210718582744772,0.0257475918588868,615,178,"tol1","explanatory","log","exclude_extreme_loss","complete","village"
"application",-0.170278889686304,0.0814615732031508,-0.338407313448243,-0.00215046592436458,0.0473600677461141,617,25,"tol1","explanatory","log","exclude_extreme_loss","median_mode_sensitivity","township"
"application",-0.170278889686304,0.0765050446560989,-0.321258321021137,-0.01929945835147,0.0272954134668617,617,178,"tol1","explanatory","log","exclude_extreme_loss","median_mode_sensitivity","village"
"application",-0.17811902366503,0.0805111981703253,-0.344285969763714,-0.0119520775663471,0.0367069635757238,620,25,"tol1","explanatory","log","exclude_reporting_conflict","complete","township"
"application",-0.17811902366503,0.0766953025535461,-0.329473920817741,-0.0267641265123194,0.021348002579995,620,178,"tol1","explanatory","log","exclude_reporting_conflict","complete","village"
"application",-0.17643817176845,0.0802579511498014,-0.342082441705737,-0.0107939018311624,0.0378050388848868,622,25,"tol1","explanatory","log","exclude_reporting_conflict","median_mode_sensitivity","township"
"application",-0.17643817176845,0.0766834082553941,-0.327769596032815,-0.0251067475040849,0.0225651293763063,622,178,"tol1","explanatory","log","exclude_reporting_conflict","median_mode_sensitivity","village"
"application",-0.162818118618907,0.0781485074060021,-0.324108710647532,-0.00152752659028227,0.0480330533436932,622,25,"tol1","explanatory","raw","retain","complete","township"
"application",-0.162818118618907,0.0748711215204209,-0.310573072574786,-0.015063164663028,0.0309835683850911,622,178,"tol1","explanatory","raw","retain","complete","village"
"application",-0.162474224400682,0.0779639486942593,-0.323383905969605,-0.00156454283175869,0.0479815784588299,624,25,"tol1","explanatory","raw","retain","median_mode_sensitivity","township"
"application",-0.162474224400682,0.0746230244567794,-0.309739569419623,-0.01520887938174,0.0307842622866381,624,178,"tol1","explanatory","raw","retain","median_mode_sensitivity","village"
"application",-0.171644484065312,0.0789096668274093,-0.334506031928949,-0.00878293620167522,0.0396943152013142,615,25,"tol1","explanatory","raw","exclude_extreme_loss","complete","township"
"application",-0.171644484065312,0.0757023664396299,-0.321039864293292,-0.0222491038373316,0.024577454605316,615,178,"tol1","explanatory","raw","exclude_extreme_loss","complete","village"
"application",-0.171285370665298,0.0788092870665418,-0.333939744884864,-0.00863099644573223,0.0398433323801499,617,25,"tol1","explanatory","raw","exclude_extreme_loss","median_mode_sensitivity","township"
"application",-0.171285370665298,0.0755322615175738,-0.32034505610982,-0.0222256852207757,0.0245555336572942,617,178,"tol1","explanatory","raw","exclude_extreme_loss","median_mode_sensitivity","village"
"application",-0.168768833052128,0.0787286877379306,-0.331256858433305,-0.0062808076709511,0.0423996624327351,620,25,"tol1","explanatory","raw","exclude_reporting_conflict","complete","township"
"application",-0.168768833052128,0.07566302565946,-0.318086575934166,-0.0194510901700902,0.0269685293443597,620,178,"tol1","explanatory","raw","exclude_reporting_conflict","complete","village"
"application",-0.168382326351847,0.0785619847183906,-0.330526293610776,-0.00623835909291745,0.0424324669146457,622,25,"tol1","explanatory","raw","exclude_reporting_conflict","median_mode_sensitivity","township"
"application",-0.168382326351847,0.0753654681541556,-0.317112852232153,-0.0196518004715401,0.0267209402986631,622,178,"tol1","explanatory","raw","exclude_reporting_conflict","median_mode_sensitivity","village"
"application",-0.304910862254415,0.0820734876161764,-0.474302215293238,-0.135519509215593,0.00107880218180779,625,25,"tol2","none","log","retain","complete","township"
"application",-0.304910862254415,0.0818061063327427,-0.466351711931115,-0.143470012577716,0.000260278954727208,625,178,"tol2","none","log","retain","complete","village"
"application",-0.318060468887704,0.0804283786560411,-0.484056483909982,-0.152064453865427,0.000590944142969931,618,25,"tol2","none","log","exclude_extreme_loss","complete","township"
"application",-0.318060468887704,0.0827620550890551,-0.481387842521903,-0.154733095253505,0.000169198569496312,618,178,"tol2","none","log","exclude_extreme_loss","complete","village"
"application",-0.308392062395252,0.08227754344447,-0.478204565964581,-0.138579558825923,0.000993026336338816,623,25,"tol2","none","log","exclude_reporting_conflict","complete","township"
"application",-0.308392062395252,0.0832057280537376,-0.472595005636756,-0.144189119153748,0.000280973984904556,623,178,"tol2","none","log","exclude_reporting_conflict","complete","village"
"application",-0.25192842251555,0.0869124495169943,-0.431306902061243,-0.0725499429698575,0.00788522954039821,625,25,"tol2","background","log","retain","complete","township"
"application",-0.25192842251555,0.0801631489381591,-0.410126966089997,-0.0937298789411038,0.00196297687604425,625,178,"tol2","background","log","retain","complete","village"
"application",-0.255211460041032,0.0841249834924306,-0.428836892468041,-0.0815860276140227,0.00572718217485203,618,25,"tol2","background","log","exclude_extreme_loss","complete","township"
"application",-0.255211460041032,0.0804051952882632,-0.413887671728211,-0.0965352483538527,0.00177295500715969,618,178,"tol2","background","log","exclude_extreme_loss","complete","village"
"application",-0.258296459555991,0.0882139142340432,-0.440361030259211,-0.076231888852771,0.00735758150438788,623,25,"tol2","background","log","exclude_reporting_conflict","complete","township"
"application",-0.258296459555991,0.0824412741204819,-0.420990785677624,-0.0956021334343571,0.00202479022252896,623,178,"tol2","background","log","exclude_reporting_conflict","complete","village"
"application",-0.280252836674947,0.0821046588833935,-0.449708524047342,-0.110797149302552,0.00228139392084923,625,25,"tol2","resources","log","retain","complete","township"
"application",-0.280252836674947,0.0818051082745714,-0.441691716726561,-0.118813956623333,0.00076186587356562,625,178,"tol2","resources","log","retain","complete","village"
"application",-0.293180185007001,0.0788579740375248,-0.455935044195948,-0.130425325818053,0.00107146039959347,618,25,"tol2","resources","log","exclude_extreme_loss","complete","township"
"application",-0.293180185007001,0.0816965189832738,-0.454404768739687,-0.131955601274314,0.000430119523321618,618,178,"tol2","resources","log","exclude_extreme_loss","complete","village"
"application",-0.284463130091454,0.0829931331062564,-0.45575253813446,-0.113173722048448,0.0022030945533787,623,25,"tol2","resources","log","exclude_reporting_conflict","complete","township"
"application",-0.284463130091454,0.0834465609946714,-0.449141346834625,-0.119784913348283,0.000807622024452018,623,178,"tol2","resources","log","exclude_reporting_conflict","complete","village"
"application",-0.264231981590821,0.083181274940784,-0.435909695295491,-0.0925542678861518,0.00406450472340224,625,25,"tol2","resources","raw","retain","complete","township"
"application",-0.264231981590821,0.0791687734222889,-0.420468167642385,-0.107995795539257,0.00103012106257582,625,178,"tol2","resources","raw","retain","complete","village"
"application",-0.279515946175134,0.0805853901063682,-0.445836016903901,-0.113195875446368,0.00199117547474292,618,25,"tol2","resources","raw","exclude_extreme_loss","complete","township"
"application",-0.279515946175134,0.079650497369129,-0.43670279381877,-0.122329098531499,0.000569803522257435,618,178,"tol2","resources","raw","exclude_extreme_loss","complete","village"
"application",-0.269228584018774,0.0843559242031611,-0.443330654646481,-0.0951265133910674,0.00391976057793512,623,25,"tol2","resources","raw","exclude_reporting_conflict","complete","township"
"application",-0.269228584018774,0.081117278895237,-0.429310062228273,-0.109147105809276,0.00109679101328366,623,178,"tol2","resources","raw","exclude_reporting_conflict","complete","village"
"application",-0.245792545483576,0.0747526227307487,-0.400074376015491,-0.0915107149516613,0.00310076624138111,625,25,"tol2","conflict","log","retain","complete","township"
"application",-0.245792545483576,0.0801314086306777,-0.403928450919642,-0.0876566400475095,0.00249882371387312,625,178,"tol2","conflict","log","retain","complete","village"
"application",-0.256166869922759,0.071277052563049,-0.403275476184721,-0.109058263660797,0.0014593631139203,618,25,"tol2","conflict","log","exclude_extreme_loss","complete","township"
"application",-0.256166869922759,0.0802364270817248,-0.414510024777345,-0.0978237150681734,0.00166858187481704,618,178,"tol2","conflict","log","exclude_extreme_loss","complete","village"
"application",-0.249560119391392,0.0756890946521383,-0.405774732974867,-0.093345505807916,0.00303274141258833,623,25,"tol2","conflict","log","exclude_reporting_conflict","complete","township"
"application",-0.249560119391392,0.0818189952706796,-0.411026404835483,-0.0880938339472998,0.0026389260672484,623,178,"tol2","conflict","log","exclude_reporting_conflict","complete","village"
"application",-0.231737731990546,0.0759688642812084,-0.388529761709047,-0.0749457022720451,0.0055032880942173,625,25,"tol2","conflict","raw","retain","complete","township"
"application",-0.231737731990546,0.0772128328696653,-0.384113953072645,-0.0793615109084463,0.00307686841534334,625,178,"tol2","conflict","raw","retain","complete","village"
"application",-0.243837560332325,0.0731105062313164,-0.394730228983036,-0.0929448916816146,0.00276371923640846,618,25,"tol2","conflict","raw","exclude_extreme_loss","complete","township"
"application",-0.243837560332325,0.0779530804458636,-0.397674628324636,-0.0900004923400148,0.00205830581928913,618,178,"tol2","conflict","raw","exclude_extreme_loss","complete","village"
"application",-0.236393885358674,0.0770466906822474,-0.395410439435964,-0.0773773312813844,0.00527457289521421,623,25,"tol2","conflict","raw","exclude_reporting_conflict","complete","township"
"application",-0.236393885358674,0.0792145538012537,-0.392720417028798,-0.0800673536885505,0.00324490202388217,623,178,"tol2","conflict","raw","exclude_reporting_conflict","complete","village"
"application",-0.214473928363621,0.0792794318034344,-0.378098633629417,-0.0508492230978258,0.012355833408718,623,25,"tol2","explanatory","log","retain","complete","township"
"application",-0.214473928363621,0.0875248494420806,-0.387200472813508,-0.0417473839137341,0.0152408215217077,623,178,"tol2","explanatory","log","retain","complete","village"
"application",-0.214418532223839,0.0787096438975881,-0.376867253050326,-0.051969811397353,0.0118313895119253,625,25,"tol2","explanatory","log","retain","median_mode_sensitivity","township"
"application",-0.214418532223839,0.0874183420918625,-0.386934888976416,-0.0419021754712627,0.0151448789104429,625,178,"tol2","explanatory","log","retain","median_mode_sensitivity","village"
"application",-0.225417557228997,0.0755819898521012,-0.381411117369733,-0.0694239970882613,0.00647012557974765,616,25,"tol2","explanatory","log","exclude_extreme_loss","complete","township"
"application",-0.225417557228997,0.0871617044070093,-0.3974274504942,-0.0534076639637942,0.0105079375192239,616,178,"tol2","explanatory","log","exclude_extreme_loss","complete","village"
"application",-0.225403265013428,0.0749694525878838,-0.380132610375601,-0.0706739196512538,0.00610912746161753,618,25,"tol2","explanatory","log","exclude_extreme_loss","median_mode_sensitivity","township"
"application",-0.225403265013428,0.0870663170240046,-0.397224915360698,-0.0535816146661568,0.0104298469679359,618,178,"tol2","explanatory","log","exclude_extreme_loss","median_mode_sensitivity","village"
"application",-0.218510418207358,0.0812262494080768,-0.386153157527127,-0.0508676788875893,0.0127922779278827,621,25,"tol2","explanatory","log","exclude_reporting_conflict","complete","township"
"application",-0.218510418207358,0.0894266461563002,-0.394990077078889,-0.0420307593358268,0.0155285414227454,621,178,"tol2","explanatory","log","exclude_reporting_conflict","complete","village"
"application",-0.218489297943983,0.0806496393543656,-0.384941972603277,-0.0520366232846889,0.0122478213827044,623,25,"tol2","explanatory","log","exclude_reporting_conflict","median_mode_sensitivity","township"
"application",-0.218489297943983,0.0893252672248109,-0.394768889833077,-0.0422097060548892,0.0154233453478029,623,178,"tol2","explanatory","log","exclude_reporting_conflict","median_mode_sensitivity","village"
"application",-0.223834666452307,0.080259210534057,-0.389481535630948,-0.0581877972736663,0.010188387430072,623,25,"tol2","explanatory","raw","retain","complete","township"
"application",-0.223834666452307,0.0849714365919211,-0.391522159924405,-0.0561471729802097,0.00917993411512095,623,178,"tol2","explanatory","raw","retain","complete","village"
"application",-0.223093614792006,0.0797105905198386,-0.387608187912422,-0.0585790416715909,0.00995700403293571,625,25,"tol2","explanatory","raw","retain","median_mode_sensitivity","township"
"application",-0.223093614792006,0.0847462846838221,-0.390336780609613,-0.0558504489743991,0.00922542188833109,625,178,"tol2","explanatory","raw","retain","median_mode_sensitivity","village"
"application",-0.230715030350684,0.0797556192550561,-0.395322538212947,-0.0661075224884211,0.00799474578181102,616,25,"tol2","explanatory","raw","exclude_extreme_loss","complete","township"
"application",-0.230715030350684,0.0857937011474754,-0.400025227731556,-0.0614048329698122,0.00784748389123952,616,178,"tol2","explanatory","raw","exclude_extreme_loss","complete","village"
"application",-0.229770784048293,0.0791014049423293,-0.393028059931523,-0.0665135081650639,0.00777266228403417,618,25,"tol2","explanatory","raw","exclude_extreme_loss","median_mode_sensitivity","township"
"application",-0.229770784048293,0.0856149854432744,-0.398728293635672,-0.0608132744609151,0.0079705708552217,618,178,"tol2","explanatory","raw","exclude_extreme_loss","median_mode_sensitivity","village"
"application",-0.22817082036995,0.0819992601275785,-0.397408975401821,-0.0589326653380779,0.0103383174406666,621,25,"tol2","explanatory","raw","exclude_reporting_conflict","complete","township"
"application",-0.22817082036995,0.086974557028343,-0.399811386292964,-0.0565302544469353,0.00946497817686142,621,178,"tol2","explanatory","raw","exclude_reporting_conflict","complete","village"
"application",-0.227383350920758,0.081479672643911,-0.395549130092449,-0.0592175717490677,0.0101464326819278,623,25,"tol2","explanatory","raw","exclude_reporting_conflict","median_mode_sensitivity","township"
"application",-0.227383350920758,0.0867318699371617,-0.398544984255947,-0.0562217175855695,0.00951154385450956,623,178,"tol2","explanatory","raw","exclude_reporting_conflict","median_mode_sensitivity","village"
"application",0.215333675334551,0.0779677737960669,0.0544160991435088,0.376251251525592,0.0108473715735723,625,25,"tol3","none","log","retain","complete","township"
"application",0.215333675334551,0.0991304061763199,0.0197040613689735,0.410963289300128,0.0311684503437757,625,178,"tol3","none","log","retain","complete","village"
"application",0.20945308978077,0.0751193561442789,0.0544143586841691,0.36449182087737,0.0102031994581012,618,25,"tol3","none","log","exclude_extreme_loss","complete","township"
"application",0.20945308978077,0.094914387078734,0.0221436090653806,0.396762570496159,0.0286175576674502,618,178,"tol3","none","log","exclude_extreme_loss","complete","village"
"application",0.226449631520317,0.0808169437493692,0.059651657560821,0.393247605479813,0.00988300106515111,623,25,"tol3","none","log","exclude_reporting_conflict","complete","township"
"application",0.226449631520317,0.0970787838645303,0.0348688063808917,0.418030456659742,0.0207917980922825,623,178,"tol3","none","log","exclude_reporting_conflict","complete","village"
"application",0.0357646053232232,0.0849508555677384,-0.139565343292102,0.211094553938549,0.677498864657904,625,25,"tol3","background","log","retain","complete","township"
"application",0.0357646053232232,0.0984785368492906,-0.15857857242443,0.230107783070876,0.716910072163331,625,178,"tol3","background","log","retain","complete","village"
"application",0.0391788186858332,0.0859501077757708,-0.138213485124354,0.21657112249602,0.652608442595841,618,25,"tol3","background","log","exclude_extreme_loss","complete","township"
"application",0.0391788186858332,0.0984311634936421,-0.155070869771952,0.233428507143618,0.691085773752808,618,178,"tol3","background","log","exclude_extreme_loss","complete","village"
"application",0.0494698112683326,0.0821666609316811,-0.120113842042342,0.219053464579007,0.552775769639697,623,25,"tol3","background","log","exclude_reporting_conflict","complete","township"
"application",0.0494698112683326,0.0939559938304754,-0.135948321389322,0.234887943925987,0.599185384519626,623,178,"tol3","background","log","exclude_reporting_conflict","complete","village"
"application",0.0447698613094259,0.0851136794699983,-0.130896139323572,0.220435861942424,0.60371477765768,625,25,"tol3","resources","log","retain","complete","township"
"application",0.0447698613094259,0.0956819677726162,-0.144054407054109,0.233594129672961,0.640429709132694,625,178,"tol3","resources","log","retain","complete","village"
"application",0.0506745634652568,0.0847879999704189,-0.124319267717008,0.225668394647521,0.555663441912766,618,25,"tol3","resources","log","exclude_extreme_loss","complete","township"
"application",0.0506745634652568,0.0953850647032932,-0.137563779397948,0.238912906328461,0.595902532432036,618,178,"tol3","resources","log","exclude_extreme_loss","complete","village"
"application",0.0545507278128255,0.082074294989257,-0.114842291562136,0.223943747187787,0.512610299530783,623,25,"tol3","resources","log","exclude_reporting_conflict","complete","township"
"application",0.0545507278128255,0.0919985689199251,-0.127004510558524,0.236105966184175,0.55397017736818,623,178,"tol3","resources","log","exclude_reporting_conflict","complete","village"
"application",0.0364140577453316,0.083920196513214,-0.136788715129832,0.209616830620495,0.668227391561751,625,25,"tol3","resources","raw","retain","complete","township"
"application",0.0364140577453316,0.0992748764654446,-0.159500662152735,0.232328777643398,0.714206084168892,625,178,"tol3","resources","raw","retain","complete","village"
"application",0.0439979685618348,0.0842628103482715,-0.129911924514698,0.217907861638367,0.606351121503563,618,25,"tol3","resources","raw","exclude_extreme_loss","complete","township"
"application",0.0439979685618348,0.0986781025636277,-0.150739043581968,0.238734980705638,0.656233416660184,618,178,"tol3","resources","raw","exclude_extreme_loss","complete","village"
"application",0.049486351375301,0.0813523303776002,-0.118416606276116,0.217389309026718,0.5487049208414,623,25,"tol3","resources","raw","exclude_reporting_conflict","complete","township"
"application",0.049486351375301,0.0948223989691259,-0.137641594742721,0.236614297493323,0.602403139065789,623,178,"tol3","resources","raw","exclude_reporting_conflict","complete","village"
"application",0.0847433644097422,0.0899408257438666,-0.100885376474661,0.270372105294145,0.355472317724339,625,25,"tol3","conflict","log","retain","complete","township"
"application",0.0847433644097422,0.0977631271659349,-0.108187982946203,0.277674711765687,0.387212350393655,625,178,"tol3","conflict","log","retain","complete","village"
"application",0.0918693538652182,0.0902020195618571,-0.0942984645644416,0.278037172294878,0.318605596175617,618,25,"tol3","conflict","log","exclude_extreme_loss","complete","township"
"application",0.0918693538652182,0.0981443396522086,-0.101814300017101,0.285553007747537,0.350515774546153,618,178,"tol3","conflict","log","exclude_extreme_loss","complete","village"
"application",0.097196949480781,0.0852452447004846,-0.0787405884421783,0.27313448740374,0.265452844280319,623,25,"tol3","conflict","log","exclude_reporting_conflict","complete","township"
"application",0.097196949480781,0.0931039287258547,-0.0865396691599328,0.280933568121495,0.297926738353777,623,178,"tol3","conflict","log","exclude_reporting_conflict","complete","village"
"application",0.0769558850962527,0.0871319383654821,-0.102875597168128,0.256787367360633,0.385884004258615,625,25,"tol3","conflict","raw","retain","complete","township"
"application",0.0769558850962527,0.101394950269796,-0.123142709718922,0.277054479911428,0.448879086852649,625,178,"tol3","conflict","raw","retain","complete","village"
"application",0.084640651399751,0.0885724054614023,-0.0981638088319714,0.267445111631473,0.348796744328402,618,25,"tol3","conflict","raw","exclude_extreme_loss","complete","township"
"application",0.084640651399751,0.101490083269469,-0.115645684318737,0.284926987118239,0.405416608428149,618,178,"tol3","conflict","raw","exclude_extreme_loss","complete","village"
"application",0.0928107207468329,0.0824180492687709,-0.0772917725911711,0.262913214084837,0.271259248133292,623,25,"tol3","conflict","raw","exclude_reporting_conflict","complete","township"
"application",0.0928107207468329,0.0957145897582459,-0.0960779257091737,0.28169936720284,0.333538566750899,623,178,"tol3","conflict","raw","exclude_reporting_conflict","complete","village"
"application",0.108269416591281,0.0900872757310461,-0.0776615822110122,0.294200415393575,0.241155338446605,623,25,"tol3","explanatory","log","retain","complete","township"
"application",0.108269416591281,0.100398565008715,-0.0898628545548514,0.306401687737414,0.282324479474861,623,178,"tol3","explanatory","log","retain","complete","village"
"application",0.10425995816008,0.0902584333287558,-0.0820242925619383,0.290544208882098,0.259409994490478,625,25,"tol3","explanatory","log","retain","median_mode_sensitivity","township"
"application",0.10425995816008,0.100547961956113,-0.0941671414677903,0.30268705778795,0.301188738647465,625,178,"tol3","explanatory","log","retain","median_mode_sensitivity","village"
"application",0.117417286951871,0.0891926276975179,-0.0666672490608598,0.301501822964602,0.200458667402871,616,25,"tol3","explanatory","log","exclude_extreme_loss","complete","township"
"application",0.117417286951871,0.100437993762503,-0.0807927951523745,0.315627369056117,0.243954473052418,616,178,"tol3","explanatory","log","exclude_extreme_loss","complete","village"
"application",0.113430583429514,0.0893808298153341,-0.0710423826634736,0.297903549522501,0.216585887723751,618,25,"tol3","explanatory","log","exclude_extreme_loss","median_mode_sensitivity","township"
"application",0.113430583429514,0.100603203647387,-0.0851055333118301,0.311966700170857,0.261055276489308,618,178,"tol3","explanatory","log","exclude_extreme_loss","median_mode_sensitivity","village"
"application",0.122096132067428,0.0868917725999042,-0.0572396724188234,0.30143193655368,0.172788691972547,621,25,"tol3","explanatory","log","exclude_reporting_conflict","complete","township"
"application",0.122096132067428,0.0955801564346891,-0.0665272159780709,0.310719480112928,0.203126550314386,621,178,"tol3","explanatory","log","exclude_reporting_conflict","complete","village"
"application",0.118052175692468,0.0870723582304579,-0.0616563392169347,0.29776069060187,0.18778601062478,623,25,"tol3","explanatory","log","exclude_reporting_conflict","median_mode_sensitivity","township"
"application",0.118052175692468,0.0957511217544913,-0.070908565094618,0.307012916479553,0.219245644484219,623,178,"tol3","explanatory","log","exclude_reporting_conflict","median_mode_sensitivity","village"
"application",0.101167220060754,0.0950953365742592,-0.0950999083123928,0.2974343484339,0.297983693599604,623,25,"tol3","explanatory","raw","retain","complete","township"
"application",0.101167220060754,0.104174672657551,-0.104417037918966,0.306751478040474,0.332808424275212,623,178,"tol3","explanatory","raw","retain","complete","village"
"application",0.0896113902162113,0.0965873483072396,-0.109735099026566,0.288957879458988,0.362761203011253,625,25,"tol3","explanatory","raw","retain","median_mode_sensitivity","township"
"application",0.0896113902162113,0.105719673678253,-0.119021861154285,0.298244641586707,0.397787608367755,625,178,"tol3","explanatory","raw","retain","median_mode_sensitivity","village"
"application",0.107720949951317,0.0952871578209686,-0.088942078017003,0.304383977919637,0.269442231173495,616,25,"tol3","explanatory","raw","exclude_extreme_loss","complete","township"
"application",0.107720949951317,0.104117795687768,-0.09775106376278,0.313192963665414,0.302264187076673,616,178,"tol3","explanatory","raw","exclude_extreme_loss","complete","village"
"application",0.096666502617767,0.0966020381394765,-0.102710304948634,0.296043310184168,0.32697065560025,618,25,"tol3","explanatory","raw","exclude_extreme_loss","median_mode_sensitivity","township"
"application",0.096666502617767,0.105531063528096,-0.111594534693606,0.30492753992914,0.360912952979946,618,178,"tol3","explanatory","raw","exclude_extreme_loss","median_mode_sensitivity","village"
"application",0.117117400374114,0.0926095547065479,-0.0740193263777423,0.30825412712597,0.218144885920753,621,25,"tol3","explanatory","raw","exclude_reporting_conflict","complete","township"
"application",0.117117400374114,0.0988088965604079,-0.0778777281245601,0.312112528872788,0.237490896575391,621,178,"tol3","explanatory","raw","exclude_reporting_conflict","complete","village"
"application",0.105334748689753,0.0942223600919737,-0.0891306447772695,0.299800142156775,0.274659540510815,623,25,"tol3","explanatory","raw","exclude_reporting_conflict","median_mode_sensitivity","township"
"application",0.105334748689753,0.100584424402962,-0.0931643080164405,0.303833805395946,0.2964227158868,623,178,"tol3","explanatory","raw","exclude_reporting_conflict","median_mode_sensitivity","village"
"application",0.0318740381916594,0.0967956172819407,-0.167902297088435,0.231650373471754,0.744791384368798,625,25,"tol4","none","log","retain","complete","township"
"application",0.0318740381916594,0.0823583078588238,-0.130656557563416,0.194404633946735,0.699208786226194,625,178,"tol4","none","log","retain","complete","village"
"application",0.0237670204309308,0.095383563139708,-0.173094978336068,0.22062901919793,0.805346993821004,618,25,"tol4","none","log","exclude_extreme_loss","complete","township"
"application",0.0237670204309308,0.081630100559497,-0.137326489385035,0.184860530246896,0.771273601486213,618,178,"tol4","none","log","exclude_extreme_loss","complete","village"
"application",0.0274763141097268,0.0951722160130385,-0.168949485626535,0.223902113845989,0.775289100198759,623,25,"tol4","none","log","exclude_reporting_conflict","complete","township"
"application",0.0274763141097268,0.0815061500149435,-0.133372584611448,0.188325212830902,0.736435449981454,623,178,"tol4","none","log","exclude_reporting_conflict","complete","village"
"application",-0.140154015846863,0.0817016468033341,-0.308777927166905,0.028469895473179,0.0991496843215258,625,25,"tol4","background","log","retain","complete","township"
"application",-0.140154015846863,0.0800771717393114,-0.298182887099071,0.0178748554053445,0.0818102174031157,625,178,"tol4","background","log","retain","complete","village"
"application",-0.138736140672754,0.082881487656239,-0.309795123832057,0.0323228424865483,0.1071334864129,618,25,"tol4","background","log","exclude_extreme_loss","complete","township"
"application",-0.138736140672754,0.0808429798042999,-0.298276301365852,0.0208040200203435,0.0878899476343458,618,178,"tol4","background","log","exclude_extreme_loss","complete","village"
"application",-0.149358486208858,0.0804566787912502,-0.315412909839487,0.0166959374217719,0.0757171647088244,623,25,"tol4","background","log","exclude_reporting_conflict","complete","township"
"application",-0.149358486208858,0.0786382101482302,-0.304547628346329,0.00583065592861409,0.0591499428643146,623,178,"tol4","background","log","exclude_reporting_conflict","complete","village"
"application",-0.180718505269924,0.0723961934110919,-0.330136904718421,-0.0313001058214276,0.0198191794291832,625,25,"tol4","resources","log","retain","complete","township"
"application",-0.180718505269924,0.0791087389119085,-0.336836215784634,-0.0246007947552149,0.0235333207347578,625,178,"tol4","resources","log","retain","complete","village"
"application",-0.182294002406507,0.0751149001476707,-0.337323536778118,-0.0272644680348968,0.0231065689608989,618,25,"tol4","resources","log","exclude_extreme_loss","complete","township"
"application",-0.182294002406507,0.0796521879429449,-0.339484186325215,-0.0251038184877996,0.0232828596684263,618,178,"tol4","resources","log","exclude_extreme_loss","complete","village"
"application",-0.18633482760387,0.0720948652916733,-0.335131316380121,-0.0375383388276195,0.0162608995864539,623,25,"tol4","resources","log","exclude_reporting_conflict","complete","township"
"application",-0.18633482760387,0.0784872711218736,-0.341226098032777,-0.0314435571749636,0.0186637031355274,623,178,"tol4","resources","log","exclude_reporting_conflict","complete","village"
"application",-0.168117399746111,0.0785362070071951,-0.330208164423982,-0.00602663506824003,0.0426691870114329,625,25,"tol4","resources","raw","retain","complete","township"
"application",-0.168117399746111,0.0800765994278217,-0.326145141566088,-0.0100896579261339,0.0371946242943377,625,178,"tol4","resources","raw","retain","complete","village"
"application",-0.172813143660874,0.080658582159931,-0.339284275363712,-0.00634201195803696,0.0425014130742088,618,25,"tol4","resources","raw","exclude_extreme_loss","complete","township"
"application",-0.172813143660874,0.080869356630524,-0.332405357891639,-0.0132209294301095,0.033975869752199,618,178,"tol4","resources","raw","exclude_extreme_loss","complete","village"
"application",-0.175823399041628,0.0773222133925321,-0.33540860404437,-0.0162381940388854,0.0322024983772151,623,25,"tol4","resources","raw","exclude_reporting_conflict","complete","township"
"application",-0.175823399041628,0.0788451996470498,-0.331421026096199,-0.0202257719870562,0.0270057327908998,623,178,"tol4","resources","raw","exclude_reporting_conflict","complete","village"
"application",-0.147816781440868,0.0700825980801814,-0.292460154813709,-0.00317340806802677,0.0455489204285035,625,25,"tol4","conflict","log","retain","complete","township"
"application",-0.147816781440868,0.0787721709321014,-0.303270289452002,0.00763672657026529,0.0622311403845526,625,178,"tol4","conflict","log","retain","complete","village"
"application",-0.145157651166802,0.0733076240697575,-0.296457151040742,0.00614184870713902,0.0592667903908083,618,25,"tol4","conflict","log","exclude_extreme_loss","complete","township"
"application",-0.145157651166802,0.0793588477690541,-0.301768940806827,0.0114536384732243,0.0690628925124258,618,178,"tol4","conflict","log","exclude_extreme_loss","complete","village"
"application",-0.153497097423365,0.0697974391686733,-0.297551931728909,-0.0094422631178204,0.0377420594228636,623,25,"tol4","conflict","log","exclude_reporting_conflict","complete","township"
"application",-0.153497097423365,0.0781755722331417,-0.307773243435575,0.000779048588844922,0.0511555229005134,623,178,"tol4","conflict","log","exclude_reporting_conflict","complete","village"
"application",-0.133843033530883,0.0775727683538558,-0.29394535855791,0.0262592914961438,0.09731347589718,625,25,"tol4","conflict","raw","retain","complete","township"
"application",-0.133843033530883,0.079654504514657,-0.291037789104719,0.0233517220429525,0.0946640111468542,625,178,"tol4","conflict","raw","retain","complete","village"
"application",-0.134435650941457,0.0799191050191417,-0.299380576837062,0.0305092749541489,0.105508182559814,618,25,"tol4","conflict","raw","exclude_extreme_loss","complete","township"
"application",-0.134435650941457,0.0802037132764244,-0.292714246501381,0.0238429446184672,0.095468882449929,618,178,"tol4","conflict","raw","exclude_extreme_loss","complete","village"
"application",-0.141874885206686,0.0764368832566628,-0.299632858615442,0.0158830882020694,0.0757583333154334,623,25,"tol4","conflict","raw","exclude_reporting_conflict","complete","township"
"application",-0.141874885206686,0.0784922478923373,-0.296775977079105,0.0130262066657326,0.0723820016803271,623,178,"tol4","conflict","raw","exclude_reporting_conflict","complete","village"
"application",-0.182674300799724,0.0701887067273992,-0.327536671656935,-0.0378119299425137,0.0156117853694284,623,25,"tol4","explanatory","log","retain","complete","township"
"application",-0.182674300799724,0.076894417902663,-0.334422143572098,-0.0309264580273504,0.018586805458477,623,178,"tol4","explanatory","log","retain","complete","village"
"application",-0.184694251239653,0.0700338062345555,-0.329236923192488,-0.0401515792868182,0.0144340081951774,625,25,"tol4","explanatory","log","retain","median_mode_sensitivity","township"
"application",-0.184694251239653,0.0764711912493672,-0.335606874325174,-0.0337816281541327,0.0167436172875575,625,178,"tol4","explanatory","log","retain","median_mode_sensitivity","village"
"application",-0.178958637746212,0.0736055053293456,-0.330872934323353,-0.0270443411690721,0.0228813031830634,616,25,"tol4","explanatory","log","exclude_extreme_loss","complete","township"
"application",-0.178958637746212,0.0776163919089531,-0.332131265320663,-0.0257860101717622,0.0222880889251117,616,178,"tol4","explanatory","log","exclude_extreme_loss","complete","village"
"application",-0.180922746785701,0.0734519769460832,-0.332520176353457,-0.0293253172179454,0.0213294988963511,618,25,"tol4","explanatory","log","exclude_extreme_loss","median_mode_sensitivity","township"
"application",-0.180922746785701,0.0771971738047811,-0.333268065373435,-0.0285774281979679,0.0202066846464999,618,178,"tol4","explanatory","log","exclude_extreme_loss","median_mode_sensitivity","village"
"application",-0.188589673090209,0.069812451278006,-0.332675490866613,-0.0445038553138063,0.0124672890312682,621,25,"tol4","explanatory","log","exclude_reporting_conflict","complete","township"
"application",-0.188589673090209,0.0764317678390874,-0.339424495762802,-0.0377548504176171,0.0145596650136595,621,178,"tol4","explanatory","log","exclude_reporting_conflict","complete","village"
"application",-0.190631774771841,0.0696789508957594,-0.334442061301348,-0.0468214882423328,0.0115173174857816,623,25,"tol4","explanatory","log","exclude_reporting_conflict","median_mode_sensitivity","township"
"application",-0.190631774771841,0.0759770669128837,-0.340569264627045,-0.0406942849166362,0.0130032877508345,623,178,"tol4","explanatory","log","exclude_reporting_conflict","median_mode_sensitivity","village"
"application",-0.180450036792302,0.0729354889733263,-0.330981487575986,-0.0299185860086165,0.0208179188020791,623,25,"tol4","explanatory","raw","retain","complete","township"
"application",-0.180450036792302,0.0769157817316636,-0.33224004016687,-0.0286600334177332,0.0200795693081277,623,178,"tol4","explanatory","raw","retain","complete","village"
"application",-0.181851651590531,0.0739036960699112,-0.334381383608215,-0.0293219195728461,0.0214471433649251,625,25,"tol4","explanatory","raw","retain","median_mode_sensitivity","township"
"application",-0.181851651590531,0.076483184398077,-0.332787942641742,-0.0309153605393189,0.0184886518988082,625,178,"tol4","explanatory","raw","retain","median_mode_sensitivity","village"
"application",-0.177632646911765,0.0756445816888023,-0.333755390254237,-0.0215099035692919,0.0274359044298795,616,25,"tol4","explanatory","raw","exclude_extreme_loss","complete","township"
"application",-0.177632646911765,0.0780555379669192,-0.33167191043686,-0.0235933833866696,0.0240610971124021,616,178,"tol4","explanatory","raw","exclude_extreme_loss","complete","village"
"application",-0.178989033479546,0.0766897929979595,-0.337268986939585,-0.020709080019506,0.0283003195290669,618,25,"tol4","explanatory","raw","exclude_extreme_loss","median_mode_sensitivity","township"
"application",-0.178989033479546,0.0776397319414116,-0.332207721609137,-0.0257703453499545,0.022305352758583,618,178,"tol4","explanatory","raw","exclude_extreme_loss","median_mode_sensitivity","village"
"application",-0.18738439831223,0.0721662169576206,-0.3363281496892,-0.0384406469352613,0.0158267463323784,621,25,"tol4","explanatory","raw","exclude_reporting_conflict","complete","township"
"application",-0.18738439831223,0.076403728990238,-0.338163887516637,-0.0366049091078242,0.0151542733650747,621,178,"tol4","explanatory","raw","exclude_reporting_conflict","complete","village"
"application",-0.188711263224314,0.0731011028172861,-0.339584524182334,-0.0378380022662952,0.0163737744743706,623,25,"tol4","explanatory","raw","exclude_reporting_conflict","median_mode_sensitivity","township"
"application",-0.188711263224314,0.0759172617438636,-0.338530730138023,-0.0388917963106054,0.0138555185021729,623,178,"tol4","explanatory","raw","exclude_reporting_conflict","median_mode_sensitivity","village"
"application",-0.248017678813548,0.0765233012341606,-0.40595401016176,-0.0900813474653354,0.00347656546377917,624,25,"tolerance3","none","log","retain","complete","township"
"application",-0.248017678813548,0.0724042587222474,-0.390904384615027,-0.105130973012068,0.000762925483329929,624,178,"tolerance3","none","log","retain","complete","village"
"application",-0.259684722077729,0.0740924627951723,-0.412604049468163,-0.106765394687295,0.00182028371434067,617,25,"tolerance3","none","log","exclude_extreme_loss","complete","township"
"application",-0.259684722077729,0.072672587134051,-0.403100962515875,-0.116268481639583,0.000454244122513618,617,178,"tolerance3","none","log","exclude_extreme_loss","complete","village"
"application",-0.254538607239035,0.0747994184712538,-0.408917019432469,-0.100160195045602,0.00234056496290021,622,25,"tolerance3","none","log","exclude_reporting_conflict","complete","township"
"application",-0.254538607239035,0.072464594613433,-0.39754438333949,-0.111532831138581,0.000563208713603198,622,178,"tolerance3","none","log","exclude_reporting_conflict","complete","village"
"application",-0.284439618325466,0.0812689019449331,-0.452170388154703,-0.116708848496229,0.00184245062981851,624,25,"tolerance3","background","log","retain","complete","township"
"application",-0.284439618325466,0.0788708794897441,-0.440087923450538,-0.128791313200394,0.000403646091196077,624,178,"tolerance3","background","log","retain","complete","village"
"application",-0.285041711486886,0.0813032860225278,-0.452843446564413,-0.117239976409359,0.00181563806917813,617,25,"tolerance3","background","log","exclude_extreme_loss","complete","township"
"application",-0.285041711486886,0.0796211371281988,-0.442170617951618,-0.127912805022155,0.000443646521615298,617,178,"tolerance3","background","log","exclude_extreme_loss","complete","village"
"application",-0.296172395307589,0.0807791292567209,-0.4628923239901,-0.129452466625079,0.00121824159070023,622,25,"tolerance3","background","log","exclude_reporting_conflict","complete","township"
"application",-0.296172395307589,0.0793192748225816,-0.452705589431411,-0.139639201183768,0.000253953643425139,622,178,"tolerance3","background","log","exclude_reporting_conflict","complete","village"
"application",-0.325253448668089,0.0762484667004292,-0.482622549417448,-0.167884347918731,0.000268722735659171,624,25,"tolerance3","resources","log","retain","complete","township"
"application",-0.325253448668089,0.0804833618276497,-0.484083918675344,-0.166422978660834,7.91760109763636e-05,624,178,"tolerance3","resources","log","retain","complete","village"
"application",-0.330580751956001,0.0765695733120272,-0.488612584179165,-0.172548919732836,0.000235652577557479,617,25,"tolerance3","resources","log","exclude_extreme_loss","complete","township"
"application",-0.330580751956001,0.0809878456141676,-0.490406799124847,-0.170754704787155,6.75327142591613e-05,617,178,"tolerance3","resources","log","exclude_extreme_loss","complete","village"
"application",-0.333173890623838,0.0765855017853773,-0.491238597600239,-0.175109183647437,0.000216713030587917,622,25,"tolerance3","resources","log","exclude_reporting_conflict","complete","township"
"application",-0.333173890623838,0.081246570927559,-0.493510521125631,-0.172837260122045,6.26839731815468e-05,622,178,"tolerance3","resources","log","exclude_reporting_conflict","complete","village"
"application",-0.309180878889238,0.0794390956705243,-0.473135114180665,-0.145226643597812,0.000691852117191291,624,25,"tolerance3","resources","raw","retain","complete","township"
"application",-0.309180878889238,0.0803340426662208,-0.467716673922035,-0.150645083856441,0.000165658777109696,624,178,"tolerance3","resources","raw","retain","complete","village"
"application",-0.318130485628355,0.0786404314684738,-0.480436359021945,-0.155824612234764,0.000469791933844025,617,25,"tolerance3","resources","raw","exclude_extreme_loss","complete","township"
"application",-0.318130485628355,0.0811420537844976,-0.478260856021483,-0.158000115235226,0.000126106087343265,617,178,"tolerance3","resources","raw","exclude_extreme_loss","complete","village"
"application",-0.319049235171892,0.0791277076431883,-0.482360797161591,-0.155737673182193,0.000485865687322726,622,25,"tolerance3","resources","raw","exclude_reporting_conflict","complete","township"
"application",-0.319049235171892,0.0807686638053703,-0.478442736421709,-0.159655733922075,0.000112642832347411,622,178,"tolerance3","resources","raw","exclude_reporting_conflict","complete","village"
"application",-0.271203378590165,0.0692696893032591,-0.414168990707581,-0.128237766472748,0.000652681501878026,624,25,"tolerance3","conflict","log","retain","complete","township"
"application",-0.271203378590165,0.0794691361178252,-0.428032317566325,-0.114374439614005,0.000797239139478913,624,178,"tolerance3","conflict","log","retain","complete","village"
"application",-0.270713600258219,0.0700384666159031,-0.415265890765414,-0.126161309751024,0.000740209112983482,617,25,"tolerance3","conflict","log","exclude_extreme_loss","complete","township"
"application",-0.270713600258219,0.0801847224838687,-0.42895471830181,-0.112472482214628,0.000903654886430208,617,178,"tolerance3","conflict","log","exclude_extreme_loss","complete","village"
"application",-0.278740605421622,0.0697346604382387,-0.422665870795721,-0.134815340047522,0.000530702504868843,622,25,"tolerance3","conflict","log","exclude_reporting_conflict","complete","township"
"application",-0.278740605421622,0.0803617254510856,-0.43733103124557,-0.120150179597673,0.000657004894997612,622,178,"tolerance3","conflict","log","exclude_reporting_conflict","complete","village"
"application",-0.252899910624699,0.0744354638564577,-0.406527157412157,-0.099272663837241,0.002371699396158,624,25,"tolerance3","conflict","raw","retain","complete","township"
"application",-0.252899910624699,0.0794086372882433,-0.409609457749933,-0.0961903634994652,0.00171200830699797,624,178,"tolerance3","conflict","raw","retain","complete","village"
"application",-0.256331298257983,0.0740212794370805,-0.40910371041804,-0.103558886097927,0.00201902995515831,617,25,"tolerance3","conflict","raw","exclude_extreme_loss","complete","township"
"application",-0.256331298257983,0.080293157980561,-0.41478640911343,-0.0978761874025365,0.00166971734953436,617,178,"tolerance3","conflict","raw","exclude_extreme_loss","complete","village"
"application",-0.262540213236048,0.0742294297223047,-0.415742226470382,-0.109338200001715,0.00168158370305709,622,25,"tolerance3","conflict","raw","exclude_reporting_conflict","complete","township"
"application",-0.262540213236048,0.080073342111403,-0.420561526881481,-0.104518899590616,0.00125533677323094,622,178,"tolerance3","conflict","raw","exclude_reporting_conflict","complete","village"
"application",-0.251936269529421,0.0605911304653266,-0.376990216544225,-0.126882322514617,0.000353224913665285,622,25,"tolerance3","explanatory","log","retain","complete","township"
"application",-0.251936269529421,0.0745396208487684,-0.399037021097494,-0.104835517961348,0.000892088873753424,622,178,"tolerance3","explanatory","log","retain","complete","village"
"application",-0.252529133268317,0.0605290847638549,-0.377455024249098,-0.127603242287536,0.000340854410892881,624,25,"tolerance3","explanatory","log","retain","median_mode_sensitivity","township"
"application",-0.252529133268317,0.0742865953030213,-0.399130549750948,-0.105927716785685,0.000834505916676093,624,178,"tolerance3","explanatory","log","retain","median_mode_sensitivity","village"
"application",-0.253175433638459,0.06277600018386,-0.382738730122688,-0.123612137154229,0.00048473980216001,615,25,"tolerance3","explanatory","log","exclude_extreme_loss","complete","township"
"application",-0.253175433638459,0.0751238651329637,-0.401429166296667,-0.10492170098025,0.000922393001068808,615,178,"tolerance3","explanatory","log","exclude_extreme_loss","complete","village"
"application",-0.253726025797934,0.0626851421438128,-0.383101800503997,-0.12435025109187,0.000467130745976119,617,25,"tolerance3","explanatory","log","exclude_extreme_loss","median_mode_sensitivity","township"
"application",-0.253726025797934,0.0748690654084837,-0.401476922104903,-0.105975129490964,0.000864959003377963,617,178,"tolerance3","explanatory","log","exclude_extreme_loss","median_mode_sensitivity","village"
"application",-0.259682836283356,0.0621387456415293,-0.387930904034278,-0.131434768532434,0.000334812168537831,620,25,"tolerance3","explanatory","log","exclude_reporting_conflict","complete","township"
"application",-0.259682836283356,0.0760720520232997,-0.409807775188755,-0.109557897377957,0.000794623719638828,620,178,"tolerance3","explanatory","log","exclude_reporting_conflict","complete","village"
"application",-0.260309485592029,0.0620496071195787,-0.388373580475712,-0.132245390708347,0.000321409517022849,622,25,"tolerance3","explanatory","log","exclude_reporting_conflict","median_mode_sensitivity","township"
"application",-0.260309485592029,0.075798640880722,-0.409894859309112,-0.110724111874946,0.000740173162837449,622,178,"tolerance3","explanatory","log","exclude_reporting_conflict","median_mode_sensitivity","village"
"application",-0.250599047299695,0.0622979977310879,-0.379175795209194,-0.122022299390197,0.000497670755617934,622,25,"tolerance3","explanatory","raw","retain","complete","township"
"application",-0.250599047299695,0.0754619984993673,-0.399520071684932,-0.101678022914458,0.00108993761004005,622,178,"tolerance3","explanatory","raw","retain","complete","village"
"application",-0.250969300496964,0.0627875053236803,-0.38055634242272,-0.121382258571208,0.000530754047266276,624,25,"tolerance3","explanatory","raw","retain","median_mode_sensitivity","township"
"application",-0.250969300496964,0.0750196392944639,-0.399017347923593,-0.102921253070335,0.0010032575799701,624,178,"tolerance3","explanatory","raw","retain","median_mode_sensitivity","village"
"application",-0.254361275183829,0.0645185614928863,-0.387521041447306,-0.121201508920351,0.000609308454388904,615,25,"tolerance3","explanatory","raw","exclude_extreme_loss","complete","township"
"application",-0.254361275183829,0.0766676848250626,-0.405661669931372,-0.103060880436285,0.00110157667936928,615,178,"tolerance3","explanatory","raw","exclude_extreme_loss","complete","village"
"application",-0.254611215232796,0.0650828354765481,-0.388935585759517,-0.120286844706075,0.000657753077405435,617,25,"tolerance3","explanatory","raw","exclude_extreme_loss","median_mode_sensitivity","township"
"application",-0.254611215232796,0.0762536805083076,-0.405094590179948,-0.104127840285644,0.00102516913518031,617,178,"tolerance3","explanatory","raw","exclude_extreme_loss","median_mode_sensitivity","village"
"application",-0.259067600719311,0.0632232181227553,-0.389553909664361,-0.128581291774261,0.000411554848482083,620,25,"tolerance3","explanatory","raw","exclude_reporting_conflict","complete","township"
"application",-0.259067600719311,0.0769971390534854,-0.411018159286531,-0.107117042152091,0.000939731049332977,620,178,"tolerance3","explanatory","raw","exclude_reporting_conflict","complete","village"
"application",-0.259361100268308,0.063699707707276,-0.390830835381481,-0.127891365155136,0.00043960946951861,622,25,"tolerance3","explanatory","raw","exclude_reporting_conflict","median_mode_sensitivity","township"
"application",-0.259361100268308,0.0764876420288619,-0.410306188263094,-0.108416012273522,0.000859178107751158,622,178,"tolerance3","explanatory","raw","exclude_reporting_conflict","median_mode_sensitivity","village"
"application",-0.113091241819314,0.0834263356255085,-0.285274735918698,0.0590922522800694,0.187852536044303,624,25,"tolerance4","none","log","retain","complete","township"
"application",-0.113091241819314,0.0778161611616813,-0.266658105464218,0.0404756218255894,0.147907523410449,624,178,"tolerance4","none","log","retain","complete","village"
"application",-0.126699188242459,0.0787205929925014,-0.289170506890188,0.0357721304052701,0.12058782809177,617,25,"tolerance4","none","log","exclude_extreme_loss","complete","township"
"application",-0.126699188242459,0.0737727868457448,-0.272286625724838,0.0188882492399205,0.0876506660378606,617,178,"tolerance4","none","log","exclude_extreme_loss","complete","village"
"application",-0.11338349651607,0.0825328383684484,-0.283722902911789,0.0569559098796487,0.182200908237002,622,25,"tolerance4","none","log","exclude_reporting_conflict","complete","township"
"application",-0.11338349651607,0.0782092500051179,-0.26772610416992,0.0409591111377795,0.148899110014157,622,178,"tolerance4","none","log","exclude_reporting_conflict","complete","village"
"application",-0.232168998595313,0.0830519200045335,-0.403579736833116,-0.0607582603575105,0.0100342161042492,624,25,"tolerance4","background","log","retain","complete","township"
"application",-0.232168998595313,0.07686330234261,-0.383855436141618,-0.0804825610490076,0.00289683761136176,624,178,"tolerance4","background","log","retain","complete","village"
"application",-0.231817905755628,0.0845653211027582,-0.406352150343223,-0.057283661168033,0.0113741143715138,617,25,"tolerance4","background","log","exclude_extreme_loss","complete","township"
"application",-0.231817905755628,0.0773171581945915,-0.384400008401512,-0.079235803109744,0.00310594434214319,617,178,"tolerance4","background","log","exclude_extreme_loss","complete","village"
"application",-0.235282697396808,0.0840298864948045,-0.408711859267201,-0.0618535355264142,0.00992945155702696,622,25,"tolerance4","background","log","exclude_reporting_conflict","complete","township"
"application",-0.235282697396808,0.078624141206431,-0.390444075079767,-0.0801213197138484,0.00316236687717894,622,178,"tolerance4","background","log","exclude_reporting_conflict","complete","village"
"application",-0.263714545764518,0.0825544933961522,-0.434098645940767,-0.0933304455882694,0.00389281466208053,624,25,"tolerance4","resources","log","retain","complete","township"
"application",-0.263714545764518,0.0810192564170347,-0.42360258080849,-0.103826510720546,0.00135878564166448,624,178,"tolerance4","resources","log","retain","complete","village"
"application",-0.266364257600364,0.0835026602233382,-0.438705277927425,-0.0940232372733021,0.00393581181385599,617,25,"tolerance4","resources","log","exclude_extreme_loss","complete","township"
"application",-0.266364257600364,0.0815975436379365,-0.427393517725014,-0.105334997475714,0.0013169684793089,617,178,"tolerance4","resources","log","exclude_extreme_loss","complete","village"
"application",-0.265347159588847,0.0833864039644064,-0.437448238790319,-0.0932460803873753,0.00401026408672822,622,25,"tolerance4","resources","log","exclude_reporting_conflict","complete","township"
"application",-0.265347159588847,0.0819799974510782,-0.427131175945319,-0.103563143232375,0.00144338581042776,622,178,"tolerance4","resources","log","exclude_reporting_conflict","complete","village"
"application",-0.25345426610713,0.0811076502345438,-0.420852228763234,-0.0860563034510262,0.00460361299139758,624,25,"tolerance4","resources","raw","retain","complete","township"
"application",-0.25345426610713,0.0791099616337998,-0.409574389611162,-0.0973341426030985,0.00160861056911517,624,178,"tolerance4","resources","raw","retain","complete","village"
"application",-0.258458711254151,0.081854631879211,-0.427398368252246,-0.089519054256056,0.00425575563072633,617,25,"tolerance4","resources","raw","exclude_extreme_loss","complete","township"
"application",-0.258458711254151,0.0796439030203237,-0.415632545232647,-0.101284877275655,0.001403590068961,617,178,"tolerance4","resources","raw","exclude_extreme_loss","complete","village"
"application",-0.255196687238148,0.0820200712107415,-0.424477794234626,-0.0859155802416705,0.00475565225323038,622,25,"tolerance4","resources","raw","exclude_reporting_conflict","complete","township"
"application",-0.255196687238148,0.0802773570270267,-0.413620615588051,-0.0967727588882454,0.00174503001698758,622,178,"tolerance4","resources","raw","exclude_reporting_conflict","complete","village"
"application",-0.196930843077486,0.0791599846296024,-0.360309021493019,-0.0335526646619525,0.0201966265151105,624,25,"tolerance4","conflict","log","retain","complete","township"
"application",-0.196930843077486,0.081493492874465,-0.357754763473632,-0.0361069226813396,0.0166855072940542,624,178,"tolerance4","conflict","log","retain","complete","village"
"application",-0.193678193196699,0.0812583630248521,-0.361387211763939,-0.0259691746294586,0.0254109029784866,617,25,"tolerance4","conflict","log","exclude_extreme_loss","complete","township"
"application",-0.193678193196699,0.0828357507922567,-0.357151002147107,-0.0302053842462904,0.0204996439118058,617,178,"tolerance4","conflict","log","exclude_extreme_loss","complete","village"
"application",-0.197130594706364,0.0799612311632671,-0.362162464690237,-0.0320987247224907,0.021226657896833,622,25,"tolerance4","conflict","log","exclude_reporting_conflict","complete","township"
"application",-0.197130594706364,0.0823251406889855,-0.359595736471265,-0.0346654529414623,0.0176856873078875,622,178,"tolerance4","conflict","log","exclude_reporting_conflict","complete","village"
"application",-0.184459077355714,0.0785795215608701,-0.346639238878612,-0.0222789158328156,0.0274855969110196,624,25,"tolerance4","conflict","raw","retain","complete","township"
"application",-0.184459077355714,0.0810285816614494,-0.344365515370433,-0.0245526393409951,0.0240153699481178,624,178,"tolerance4","conflict","raw","retain","complete","village"
"application",-0.184362559555395,0.0808725274532927,-0.351275252641468,-0.0174498664693207,0.0318076266455558,617,25,"tolerance4","conflict","raw","exclude_extreme_loss","complete","township"
"application",-0.184362559555395,0.0823685590569913,-0.346913385611318,-0.0218117334994707,0.0264504020743442,617,178,"tolerance4","conflict","raw","exclude_extreme_loss","complete","village"
"application",-0.184853617455888,0.0796393068643637,-0.349221068342301,-0.0204861665694744,0.0290941429364011,622,25,"tolerance4","conflict","raw","exclude_reporting_conflict","complete","township"
"application",-0.184853617455888,0.082173030020061,-0.347018575325761,-0.0226886595860145,0.0257086039953854,622,178,"tolerance4","conflict","raw","exclude_reporting_conflict","complete","village"
"application",-0.16880904161493,0.0735567049895729,-0.320622619241006,-0.0169954639888533,0.0307817971283124,622,25,"tolerance4","explanatory","log","retain","complete","township"
"application",-0.16880904161493,0.0794490792048673,-0.325598399131771,-0.0120196840980883,0.0349958028145067,622,178,"tolerance4","explanatory","log","retain","complete","village"
"application",-0.171045937362777,0.0736133589363253,-0.322976442988066,-0.0191154317374872,0.0289414844606459,624,25,"tolerance4","explanatory","log","retain","median_mode_sensitivity","township"
"application",-0.171045937362777,0.0790273739289577,-0.327003077565924,-0.0150887971596289,0.0317741078632156,624,178,"tolerance4","explanatory","log","retain","median_mode_sensitivity","village"
"application",-0.165988698562006,0.0747759273991137,-0.320318627565438,-0.0116587695585733,0.0361318903406326,615,25,"tolerance4","explanatory","log","exclude_extreme_loss","complete","township"
"application",-0.165988698562006,0.0803191900947381,-0.324495182680648,-0.00748221444336331,0.0402267131541609,615,178,"tolerance4","explanatory","log","exclude_extreme_loss","complete","village"
"application",-0.168176884783541,0.0747857040043643,-0.322526991708488,-0.0138267778585947,0.0339763903786909,617,25,"tolerance4","explanatory","log","exclude_extreme_loss","median_mode_sensitivity","township"
"application",-0.168176884783541,0.0798905554124347,-0.325837476701539,-0.0105162928655436,0.0366947564570941,617,178,"tolerance4","explanatory","log","exclude_extreme_loss","median_mode_sensitivity","village"
"application",-0.168625289608694,0.0738695773745333,-0.321084604100063,-0.0161659751173246,0.0315987611234992,620,25,"tolerance4","explanatory","log","exclude_reporting_conflict","complete","township"
"application",-0.168625289608694,0.0799825925548812,-0.326467512888267,-0.010783066329121,0.0364148119262073,620,178,"tolerance4","explanatory","log","exclude_reporting_conflict","complete","village"
"application",-0.170891042118981,0.0739364283935048,-0.323488330332249,-0.0182937539057124,0.029716351216011,622,25,"tolerance4","explanatory","log","exclude_reporting_conflict","median_mode_sensitivity","township"
"application",-0.170891042118981,0.0795602864706978,-0.327899862415445,-0.0138822218225161,0.033077979060713,622,178,"tolerance4","explanatory","log","exclude_reporting_conflict","median_mode_sensitivity","village"
"application",-0.17101127517674,0.0750839498266127,-0.325976931225237,-0.0160456191282435,0.0319487829323741,622,25,"tolerance4","explanatory","raw","retain","complete","township"
"application",-0.17101127517674,0.0817430732608442,-0.332327731783763,-0.00969481856971763,0.0378599986778312,622,178,"tolerance4","explanatory","raw","retain","complete","village"
"application",-0.176688270799673,0.0756725551292193,-0.332868748485586,-0.0205077931137596,0.0282409768331913,624,25,"tolerance4","explanatory","raw","retain","median_mode_sensitivity","township"
"application",-0.176688270799673,0.0809206456148753,-0.336381701645968,-0.0169948399533773,0.0303166329764809,624,178,"tolerance4","explanatory","raw","retain","median_mode_sensitivity","village"
"application",-0.171693138512305,0.0778260613914277,-0.332318234675247,-0.0110680423493628,0.0371938809079099,615,25,"tolerance4","explanatory","raw","exclude_extreme_loss","complete","township"
"application",-0.171693138512305,0.0826260871033547,-0.334752185145937,-0.00863409187867278,0.0391567605215569,615,178,"tolerance4","explanatory","raw","exclude_extreme_loss","complete","village"
"application",-0.177021511329323,0.0783305782605322,-0.338687879132727,-0.0153551435259191,0.0331787497496584,617,25,"tolerance4","explanatory","raw","exclude_extreme_loss","median_mode_sensitivity","township"
"application",-0.177021511329323,0.0817307901571499,-0.338313727756902,-0.0157292949017437,0.0316557674269391,617,178,"tolerance4","explanatory","raw","exclude_extreme_loss","median_mode_sensitivity","village"
"application",-0.1704013125527,0.0756878666964824,-0.326613391760263,-0.0141892333451359,0.0337898360742432,620,25,"tolerance4","explanatory","raw","exclude_reporting_conflict","complete","township"
"application",-0.1704013125527,0.0825275393052519,-0.333265879324465,-0.00753674578093477,0.0404018912563081,620,178,"tolerance4","explanatory","raw","exclude_reporting_conflict","complete","village"
"application",-0.176086039752575,0.0762443715234703,-0.333446688472098,-0.0187253910330517,0.0298336393476044,622,25,"tolerance4","explanatory","raw","exclude_reporting_conflict","median_mode_sensitivity","township"
"application",-0.176086039752575,0.0817068361512218,-0.337330983974648,-0.0148410955305014,0.0325053680765314,622,178,"tolerance4","explanatory","raw","exclude_reporting_conflict","median_mode_sensitivity","village"
